id_penjualan,id_invoice,id_customer,id_barang,tanggal,month,id_distributor,customer,cabang_sales,group,nama_barang,brand,harga,jumlah_barang,total_harga
IN5978-BRG0001,IN5978,CUST55670,BRG0001,2022-05-25,5,TA,APOTEK SINAR JAYA,Bekasi,Apotek,ACYCLOVIR DUS,OGB & PH,96000,9,864000
IN5979-BRG0009,IN5979,CUST55598,BRG0009,2022-03-28,3,TA,APOTEK MAJA,Kuningan,Apotek,AMBROXOL HC,VNS,31000,18,558000
IN5980-BRG0003,IN5980,CUST55432,BRG0003,2022-01-23,1,EPM,APOTEK TAPAK,Aceh,Apotek,AMPICILLIN,MARCKS,17000,20,340000
IN5981-BRG0004,IN5981,CUST55443,BRG0004,2022-01-28,1,TA,APOTEK MERDEKA,Bandung,Apotek,TRAMADOL KAPSUL 50 MG,VNS,24500,76,1862000
IN5982-BRG0006,IN5982,CUST55535,BRG0006,2022-01-30,1,TA,APOTEK SINAR JAYA,Bekasi,Apotek,KETOCONAZOLE TABLET 200 MG,OGB & PH,39000,5,195000
IN5983-BRG0003,IN5983,CUST55622,BRG0003,2022-04-21,4,TA,KLINIK GM,Jakarta,Klinik,AMPICILLIN,MARCKS,17000,67,1139000
IN5984-BRG0005,IN5984,CUST55714,BRG0005,2022-05-01,5,TD,KLINIK SAHABAT,Tangerang,Klinik,KLORPROMAZINA TABLET SALUT SELAPUT 100 MG,SLCYL,47000,8,376000
IN5985-BRG0001,IN5985,CUST55640,BRG0001,2022-04-18,4,TA,APOTEK SINAR JAYA,Bekasi,Apotek,ACYCLOVIR DUS,OGB & PH,96000,22,2112000
IN5986-BRG0002,IN5986,CUST55557,BRG0002,2022-02-15,2,TA,APOTEK SINAR JAYA,Bekasi,Apotek,ALERGINE TABLET SALUT,ETIKAL,112000,9,1008000
IN5987-BRG0010,IN5987,CUST55659,BRG0010,2022-04-19,4,TA,KLINIK GM,Jakarta,Klinik,PARACETAMOL,SLCYL,21000,14,294000
IN5988-BRG0002,IN5988,CUST55551,BRG0002,2022-02-09,2,EPM,APOTEK SAHABAT,Padang,Apotek,ALERGINE TABLET SALUT,ETIKAL,112000,10,1120000
IN5989-BRG0010,IN5989,CUST55719,BRG0010,2022-05-01,5,TA,KLINIK GM,Jakarta,Klinik,PARACETAMOL,SLCYL,21000,67,1407000
IN5990-BRG0001,IN5990,CUST55706,BRG0001,2022-05-03,5,TD,KLINIK SAHABAT,Tangerang,Klinik,ACYCLOVIR DUS,OGB & PH,96000,10,960000
IN5991-BRG0005,IN5991,CUST55414,BRG0005,2022-01-23,1,TD,KLINIK SAHABAT,Tangerang,Klinik,KLORPROMAZINA TABLET SALUT SELAPUT 100 MG,SLCYL,47000,24,1128000
IN5992-BRG0002,IN5992,CUST55707,BRG0002,2022-06-16,6,TA,APOTEK SINAR JAYA,Bekasi,Apotek,ALERGINE TABLET SALUT,ETIKAL,112000,23,2576000
IN5993-BRG0002,IN5993,CUST55671,BRG0002,2022-05-26,5,EPM,APOTEK SAHABAT,Padang,Apotek,ALERGINE TABLET SALUT,ETIKAL,112000,1,112000
IN5994-BRG0002,IN5994,CUST55411,BRG0002,2022-02-01,2,TA,APOTEK MAJA,Kuningan,Apotek,ALERGINE TABLET SALUT,ETIKAL,112000,12,1344000
IN5995-BRG0008,IN5995,CUST55607,BRG0008,2022-04-06,4,TA,KLINIK GM,Jakarta,Klinik,TETRACYCLINE KAPSUL 250 MG,MARCKS,9800,14,137200
IN5996-BRG0007,IN5996,CUST55656,BRG0007,2022-05-25,5,EPM,APOTEK SAHABAT,Padang,Apotek,ERGOTAMINE COFFEINE,ETIKAL,64700,22,1423400
IN5997-BRG0005,IN5997,CUST55380,BRG0005,2022-01-20,1,EPM,APOTEK TAPAK,Aceh,Apotek,KLORPROMAZINA TABLET SALUT SELAPUT 100 MG,SLCYL,47000,40,1880000
IN5997-BRG0002,IN5997,CUST55380,BRG0002,2022-01-20,1,EPM,APOTEK TAPAK,Aceh,Apotek,ALERGINE TABLET SALUT,ETIKAL,112000,4,448000
IN5997-BRG0001,IN5997,CUST55380,BRG0001,2022-01-20,1,EPM,APOTEK TAPAK,Aceh,Apotek,ACYCLOVIR DUS,OGB & PH,96000,1,96000
IN5997-BRG0004,IN5997,CUST55380,BRG0004,2022-01-20,1,EPM,APOTEK TAPAK,Aceh,Apotek,TRAMADOL KAPSUL 50 MG,VNS,24500,11,269500
IN5997-BRG0003,IN5997,CUST55380,BRG0003,2022-01-20,1,EPM,APOTEK TAPAK,Aceh,Apotek,AMPICILLIN,MARCKS,17000,6,102000
IN5998-BRG0001,IN5998,CUST55610,BRG0001,2022-04-09,4,TA,APOTEK SINAR JAYA,Bekasi,Apotek,ACYCLOVIR DUS,OGB & PH,96000,23,2208000
IN5999-BRG0003,IN5999,CUST55632,BRG0003,2022-05-01,5,TA,APOTEK SINAR JAYA,Bekasi,Apotek,AMPICILLIN,MARCKS,17000,5,85000
IN6000-BRG0008,IN6000,CUST55717,BRG0008,2022-06-16,6,EPM,APOTEK TAPAK,Aceh,Apotek,TETRACYCLINE KAPSUL 250 MG,MARCKS,9800,7,68600
IN6001-BRG0004,IN6001,CUST55603,BRG0004,2022-04-02,4,EPM,APOTEK SAHABAT,Padang,Apotek,TRAMADOL KAPSUL 50 MG,VNS,24500,21,514500
IN6002-BRG0007,IN6002,CUST55546,BRG0007,2022-02-04,2,TA,APOTEK MAJA,Kuningan,Apotek,ERGOTAMINE COFFEINE,ETIKAL,64700,14,905800
IN6003-BRG0005,IN6003,CUST55424,BRG0005,2022-01-27,1,TD,KLINIK DR. ANDRI,Lampung,Klinik,KLORPROMAZINA TABLET SALUT SELAPUT 100 MG,SLCYL,47000,9,423000
IN6004-BRG0010,IN6004,CUST55729,BRG0010,2022-05-01,5,TD,KLINIK SAHABAT,Tangerang,Klinik,PARACETAMOL,SLCYL,21000,5,105000
IN6005-BRG0008,IN6005,CUST55447,BRG0008,2022-02-01,2,EPM,APOTEK TAPAK,Aceh,Apotek,TETRACYCLINE KAPSUL 250 MG,MARCKS,9800,12,117600
IN6006-BRG0005,IN6006,CUST55554,BRG0005,2022-02-12,2,TA,KLINIK GM,Jakarta,Klinik,KLORPROMAZINA TABLET SALUT SELAPUT 100 MG,SLCYL,47000,5,235000
IN6007-BRG0006,IN6007,CUST55715,BRG0006,2022-05-02,5,TA,APOTEK SINAR JAYA,Bekasi,Apotek,KETOCONAZOLE TABLET 200 MG,OGB & PH,39000,9,351000
IN6008-BRG0004,IN6008,CUST55469,BRG0004,2022-01-30,1,TD,KLINIK DR. ANDRI,Lampung,Klinik,TRAMADOL KAPSUL 50 MG,VNS,24500,12,294000
IN6009-BRG0008,IN6009,CUST55637,BRG0008,2022-04-28,4,TA,KLINIK GM,Jakarta,Klinik,TETRACYCLINE KAPSUL 250 MG,MARCKS,9800,76,744800
IN6010-BRG0001,IN6010,CUST55676,BRG0001,2022-05-31,5,TD,KLINIK SAHABAT,Tangerang,Klinik,ACYCLOVIR DUS,OGB & PH,96000,5,480000
IN6011-BRG0008,IN6011,CUST55567,BRG0008,2022-02-25,2,EPM,APOTEK TAPAK,Aceh,Apotek,TETRACYCLINE KAPSUL 250 MG,MARCKS,9800,10,98000
IN6012-BRG0003,IN6012,CUST55712,BRG0003,2022-06-16,6,TA,KLINIK GM,Jakarta,Klinik,AMPICILLIN,MARCKS,17000,5,85000
IN6013-BRG0002,IN6013,CUST55407,BRG0002,2022-01-28,1,TA,APOTEK SINAR JAYA,Bekasi,Apotek,ALERGINE TABLET SALUT,ETIKAL,112000,25,2800000
IN6014-BRG0002,IN6014,CUST55591,BRG0002,2022-03-21,3,TA,APOTEK MAJA,Kuningan,Apotek,ALERGINE TABLET SALUT,ETIKAL,112000,34,3808000
IN6015-BRG0003,IN6015,CUST55482,BRG0003,2022-01-31,1,TA,APOTEK SINAR JAYA,Bekasi,Apotek,AMPICILLIN,MARCKS,17000,5,85000
IN6016-BRG0010,IN6016,CUST55579,BRG0010,2022-03-09,3,TD,KLINIK SAHABAT,Tangerang,Klinik,PARACETAMOL,SLCYL,21000,5,105000
IN6017-BRG0004,IN6017,CUST55513,BRG0004,2022-02-01,2,EPM,APOTEK SAHABAT,Padang,Apotek,TRAMADOL KAPSUL 50 MG,VNS,24500,23,563500
IN6018-BRG0003,IN6018,CUST55602,BRG0003,2022-04-01,4,TA,APOTEK SINAR JAYA,Bekasi,Apotek,AMPICILLIN,MARCKS,17000,14,238000
IN6019-BRG0004,IN6019,CUST55663,BRG0004,2022-04-20,4,EPM,APOTEK SAHABAT,Padang,Apotek,TRAMADOL KAPSUL 50 MG,VNS,24500,12,294000
IN6020-BRG0002,IN6020,CUST55581,BRG0002,2022-03-11,3,EPM,APOTEK SAHABAT,Padang,Apotek,ALERGINE TABLET SALUT,ETIKAL,112000,1,112000
IN6021-BRG0001,IN6021,CUST55620,BRG0001,2022-04-19,4,EPM,APOTEK TAPAK,Aceh,Apotek,ACYCLOVIR DUS,OGB & PH,96000,7,672000
IN6022-BRG0005,IN6022,CUST55654,BRG0005,2022-05-23,5,TD,KLINIK SAHABAT,Tangerang,Klinik,KLORPROMAZINA TABLET SALUT SELAPUT 100 MG,SLCYL,47000,9,423000
IN6023-BRG0009,IN6023,CUST55399,BRG0009,2022-02-01,2,TD,KLINIK SAHABAT,Tangerang,Klinik,AMBROXOL HC,VNS,31000,67,2077000
IN6023-BRG0005,IN6023,CUST55399,BRG0005,2022-02-01,2,TD,KLINIK SAHABAT,Tangerang,Klinik,KLORPROMAZINA TABLET SALUT SELAPUT 100 MG,SLCYL,47000,10,470000
IN6023-BRG0006,IN6023,CUST55399,BRG0006,2022-02-01,2,TD,KLINIK SAHABAT,Tangerang,Klinik,KETOCONAZOLE TABLET 200 MG,OGB & PH,39000,10,390000
IN6023-BRG0004,IN6023,CUST55399,BRG0004,2022-02-01,2,TD,KLINIK SAHABAT,Tangerang,Klinik,TRAMADOL KAPSUL 50 MG,VNS,24500,10,245000
IN6023-BRG0008,IN6023,CUST55399,BRG0008,2022-02-01,2,TD,KLINIK SAHABAT,Tangerang,Klinik,TETRACYCLINE KAPSUL 250 MG,MARCKS,9800,10,98000
IN6023-BRG0007,IN6023,CUST55399,BRG0007,2022-02-01,2,TD,KLINIK SAHABAT,Tangerang,Klinik,ERGOTAMINE COFFEINE,ETIKAL,64700,10,647000
IN6023-BRG0010,IN6023,CUST55399,BRG0010,2022-02-01,2,TD,KLINIK SAHABAT,Tangerang,Klinik,PARACETAMOL,SLCYL,21000,15,315000
IN6024-BRG0007,IN6024,CUST55394,BRG0007,2022-01-27,1,TD,KLINIK DR. ANDRI,Lampung,Klinik,ERGOTAMINE COFFEINE,ETIKAL,64700,8,517600
IN6024-BRG0004,IN6024,CUST55394,BRG0004,2022-01-27,1,TD,KLINIK DR. ANDRI,Lampung,Klinik,TRAMADOL KAPSUL 50 MG,VNS,24500,12,294000
IN6024-BRG0008,IN6024,CUST55394,BRG0008,2022-01-27,1,TD,KLINIK DR. ANDRI,Lampung,Klinik,TETRACYCLINE KAPSUL 250 MG,MARCKS,9800,12,117600
IN6024-BRG0010,IN6024,CUST55394,BRG0010,2022-01-27,1,TD,KLINIK DR. ANDRI,Lampung,Klinik,PARACETAMOL,SLCYL,21000,16,336000
IN6024-BRG0005,IN6024,CUST55394,BRG0005,2022-01-27,1,TD,KLINIK DR. ANDRI,Lampung,Klinik,KLORPROMAZINA TABLET SALUT SELAPUT 100 MG,SLCYL,47000,12,564000
IN6024-BRG0001,IN6024,CUST55394,BRG0001,2022-01-27,1,TD,KLINIK DR. ANDRI,Lampung,Klinik,ACYCLOVIR DUS,OGB & PH,96000,4,384000
IN6024-BRG0006,IN6024,CUST55394,BRG0006,2022-01-27,1,TD,KLINIK DR. ANDRI,Lampung,Klinik,KETOCONAZOLE TABLET 200 MG,OGB & PH,39000,12,468000
IN6025-BRG0004,IN6025,CUST55523,BRG0004,2022-01-30,1,TA,APOTEK MAJA,Kuningan,Apotek,TRAMADOL KAPSUL 50 MG,VNS,24500,7,171500
IN6026-BRG0003,IN6026,CUST55558,BRG0003,2022-02-16,2,EPM,APOTEK SAHABAT,Padang,Apotek,AMPICILLIN,MARCKS,17000,21,357000
IN6027-BRG0003,IN6027,CUST55612,BRG0003,2022-04-11,4,EPM,APOTEK TAPAK,Aceh,Apotek,AMPICILLIN,MARCKS,17000,10,170000
IN6028-BRG0002,IN6028,CUST55420,BRG0002,2022-01-30,1,TA,APOTEK MERDEKA,Bandung,Apotek,ALERGINE TABLET SALUT,ETIKAL,112000,5,560000
IN6028-BRG0010,IN6028,CUST55420,BRG0010,2022-01-30,1,TA,APOTEK MERDEKA,Bandung,Apotek,PARACETAMOL,SLCYL,21000,78,1638000
IN6028-BRG0004,IN6028,CUST55420,BRG0004,2022-01-30,1,TA,APOTEK MERDEKA,Bandung,Apotek,TRAMADOL KAPSUL 50 MG,VNS,24500,8,196000
IN6028-BRG0006,IN6028,CUST55420,BRG0006,2022-01-30,1,TA,APOTEK MERDEKA,Bandung,Apotek,KETOCONAZOLE TABLET 200 MG,OGB & PH,39000,10,390000
IN6028-BRG0009,IN6028,CUST55420,BRG0009,2022-01-30,1,TA,APOTEK MERDEKA,Bandung,Apotek,AMBROXOL HC,VNS,31000,67,2077000
IN6028-BRG0001,IN6028,CUST55420,BRG0001,2022-01-30,1,TA,APOTEK MERDEKA,Bandung,Apotek,ACYCLOVIR DUS,OGB & PH,96000,98,9408000
IN6028-BRG0001,IN6028,CUST55420,BRG0001,2022-01-23,1,TA,APOTEK MERDEKA,Bandung,Apotek,ACYCLOVIR DUS,OGB & PH,96000,98,9408000
IN6028-BRG0003,IN6028,CUST55420,BRG0003,2022-01-30,1,TA,APOTEK MERDEKA,Bandung,Apotek,AMPICILLIN,MARCKS,17000,4,68000
IN6028-BRG0007,IN6028,CUST55420,BRG0007,2022-01-30,1,TA,APOTEK MERDEKA,Bandung,Apotek,ERGOTAMINE COFFEINE,ETIKAL,64700,7,452900
IN6028-BRG0005,IN6028,CUST55420,BRG0005,2022-01-30,1,TA,APOTEK MERDEKA,Bandung,Apotek,KLORPROMAZINA TABLET SALUT SELAPUT 100 MG,SLCYL,47000,9,423000
IN6028-BRG0008,IN6028,CUST55420,BRG0008,2022-01-30,1,TA,APOTEK MERDEKA,Bandung,Apotek,TETRACYCLINE KAPSUL 250 MG,MARCKS,9800,100,980000
IN6029-BRG0009,IN6029,CUST55389,BRG0009,2022-01-28,1,TA,KLINIK GM,Jakarta,Klinik,AMBROXOL HC,VNS,31000,18,558000
IN6029-BRG0005,IN6029,CUST55389,BRG0005,2022-01-28,1,TA,KLINIK GM,Jakarta,Klinik,KLORPROMAZINA TABLET SALUT SELAPUT 100 MG,SLCYL,47000,7,329000
IN6029-BRG0008,IN6029,CUST55389,BRG0008,2022-01-28,1,TA,KLINIK GM,Jakarta,Klinik,TETRACYCLINE KAPSUL 250 MG,MARCKS,9800,8,78400
IN6029-BRG0010,IN6029,CUST55389,BRG0010,2022-01-28,1,TA,KLINIK GM,Jakarta,Klinik,PARACETAMOL,SLCYL,21000,4,84000
IN6029-BRG0006,IN6029,CUST55389,BRG0006,2022-01-28,1,TA,KLINIK GM,Jakarta,Klinik,KETOCONAZOLE TABLET 200 MG,OGB & PH,39000,7,273000
IN6029-BRG0010,IN6029,CUST55389,BRG0010,2022-01-28,1,TA,KLINIK GM,Jakarta,Klinik,PARACETAMOL,SLCYL,21000,20,420000
IN6029-BRG0003,IN6029,CUST55389,BRG0003,2022-01-28,1,TA,KLINIK GM,Jakarta,Klinik,AMPICILLIN,MARCKS,17000,5,85000
IN6029-BRG0001,IN6029,CUST55389,BRG0001,2022-01-28,1,TA,KLINIK GM,Jakarta,Klinik,ACYCLOVIR DUS,OGB & PH,96000,1,96000
IN6029-BRG0007,IN6029,CUST55389,BRG0007,2022-01-28,1,TA,KLINIK GM,Jakarta,Klinik,ERGOTAMINE COFFEINE,ETIKAL,64700,14,905800
IN6029-BRG0004,IN6029,CUST55389,BRG0004,2022-01-28,1,TA,KLINIK GM,Jakarta,Klinik,TRAMADOL KAPSUL 50 MG,VNS,24500,7,171500
IN6030-BRG0004,IN6030,CUST55709,BRG0004,2022-05-01,5,TD,KLINIK DR. ANDRI,Lampung,Klinik,TRAMADOL KAPSUL 50 MG,VNS,24500,10,245000
IN6031-BRG0001,IN6031,CUST55616,BRG0001,2022-04-15,4,TD,KLINIK SAHABAT,Tangerang,Klinik,ACYCLOVIR DUS,OGB & PH,96000,4,384000
IN6032-BRG0004,IN6032,CUST55679,BRG0004,2022-06-03,6,TD,KLINIK DR. ANDRI,Lampung,Klinik,TRAMADOL KAPSUL 50 MG,VNS,24500,23,563500
IN6033-BRG0009,IN6033,CUST55688,BRG0009,2022-06-12,6,TA,APOTEK MAJA,Kuningan,Apotek,AMBROXOL HC,VNS,31000,34,1054000
IN6034-BRG0003,IN6034,CUST55562,BRG0003,2022-02-20,2,TA,KLINIK GM,Jakarta,Klinik,AMPICILLIN,MARCKS,17000,14,238000
IN6035-BRG0007,IN6035,CUST55626,BRG0007,2022-04-25,4,EPM,APOTEK SAHABAT,Padang,Apotek,ERGOTAMINE COFFEINE,ETIKAL,64700,20,1294000
IN6036-BRG0010,IN6036,CUST55388,BRG0010,2022-01-27,1,TA,APOTEK MAJA,Kuningan,Apotek,PARACETAMOL,SLCYL,21000,10,210000
IN6036-BRG0009,IN6036,CUST55388,BRG0009,2022-01-27,1,TA,APOTEK MAJA,Kuningan,Apotek,AMBROXOL HC,VNS,31000,23,713000
IN6036-BRG0004,IN6036,CUST55388,BRG0004,2022-01-27,1,TA,APOTEK MAJA,Kuningan,Apotek,TRAMADOL KAPSUL 50 MG,VNS,24500,12,294000
IN6036-BRG0003,IN6036,CUST55388,BRG0003,2022-01-27,1,TA,APOTEK MAJA,Kuningan,Apotek,AMPICILLIN,MARCKS,17000,15,255000
IN6036-BRG0009,IN6036,CUST55388,BRG0009,2022-01-27,1,TA,APOTEK MAJA,Kuningan,Apotek,AMBROXOL HC,VNS,31000,22,682000
IN6037-BRG0002,IN6037,CUST55721,BRG0002,2022-05-03,5,TD,KLINIK SAHABAT,Tangerang,Klinik,ALERGINE TABLET SALUT,ETIKAL,112000,45,5040000
IN6038-BRG0008,IN6038,CUST55517,BRG0008,2022-01-30,1,TA,KLINIK GM,Jakarta,Klinik,TETRACYCLINE KAPSUL 250 MG,MARCKS,9800,98,960400
IN6039-BRG0001,IN6039,CUST55480,BRG0001,2022-01-23,1,TA,APOTEK MERDEKA,Bandung,Apotek,ACYCLOVIR DUS,OGB & PH,96000,13,1248000
IN6040-BRG0001,IN6040,CUST55470,BRG0001,2022-01-31,1,EPM,APOTEK TAPAK,Aceh,Apotek,ACYCLOVIR DUS,OGB & PH,96000,10,960000
IN6041-BRG0001,IN6041,CUST55570,BRG0001,2022-02-28,2,TA,APOTEK MERDEKA,Bandung,Apotek,ACYCLOVIR DUS,OGB & PH,96000,5,480000
IN6042-BRG0009,IN6042,CUST55428,BRG0009,2022-01-31,1,TA,APOTEK MERDEKA,Bandung,Apotek,AMBROXOL HC,VNS,31000,67,2077000
IN6043-BRG0001,IN6043,CUST55580,BRG0001,2022-03-10,3,TA,APOTEK SINAR JAYA,Bekasi,Apotek,ACYCLOVIR DUS,OGB & PH,96000,9,864000
IN6044-BRG0005,IN6044,CUST55694,BRG0005,2022-05-01,5,TD,KLINIK DR. ANDRI,Lampung,Klinik,KLORPROMAZINA TABLET SALUT SELAPUT 100 MG,SLCYL,47000,18,846000
IN6045-BRG0007,IN6045,CUST55506,BRG0007,2022-01-31,1,EPM,APOTEK SAHABAT,Padang,Apotek,ERGOTAMINE COFFEINE,ETIKAL,64700,21,1358700
IN6046-BRG0002,IN6046,CUST55691,BRG0002,2022-06-15,6,TD,KLINIK SAHABAT,Tangerang,Klinik,ALERGINE TABLET SALUT,ETIKAL,112000,12,1344000
IN6047-BRG0006,IN6047,CUST55635,BRG0006,2022-04-26,4,EPM,APOTEK TAPAK,Aceh,Apotek,KETOCONAZOLE TABLET 200 MG,OGB & PH,39000,12,468000
IN6048-BRG0005,IN6048,CUST55464,BRG0005,2022-01-31,1,TA,KLINIK GM,Jakarta,Klinik,KLORPROMAZINA TABLET SALUT SELAPUT 100 MG,SLCYL,47000,25,1175000
IN6049-BRG0010,IN6049,CUST55479,BRG0010,2022-01-28,1,TA,KLINIK GM,Jakarta,Klinik,PARACETAMOL,SLCYL,21000,9,189000
IN6050-BRG0005,IN6050,CUST55434,BRG0005,2022-01-31,1,TA,KLINIK GM,Jakarta,Klinik,KLORPROMAZINA TABLET SALUT SELAPUT 100 MG,SLCYL,47000,34,1598000
IN6051-BRG0004,IN6051,CUST55593,BRG0004,2022-03-23,3,TA,APOTEK MERDEKA,Bandung,Apotek,TRAMADOL KAPSUL 50 MG,VNS,24500,15,367500
IN6052-BRG0006,IN6052,CUST55385,BRG0006,2022-01-23,1,TA,APOTEK SINAR JAYA,Bekasi,Apotek,KETOCONAZOLE TABLET 200 MG,OGB & PH,39000,5,195000
IN6052-BRG0010,IN6052,CUST55385,BRG0010,2022-01-23,1,TA,APOTEK SINAR JAYA,Bekasi,Apotek,PARACETAMOL,SLCYL,21000,5,105000
IN6052-BRG0009,IN6052,CUST55385,BRG0009,2022-01-23,1,TA,APOTEK SINAR JAYA,Bekasi,Apotek,AMBROXOL HC,VNS,31000,5,155000
IN6053-BRG0002,IN6053,CUST55437,BRG0002,2022-01-28,1,TA,APOTEK SINAR JAYA,Bekasi,Apotek,ALERGINE TABLET SALUT,ETIKAL,112000,44,4928000
IN6054-BRG0006,IN6054,CUST55435,BRG0006,2022-02-01,2,TA,APOTEK MERDEKA,Bandung,Apotek,KETOCONAZOLE TABLET 200 MG,OGB & PH,39000,34,1326000
IN6055-BRG0004,IN6055,CUST55583,BRG0004,2022-03-13,3,TA,APOTEK MAJA,Kuningan,Apotek,TRAMADOL KAPSUL 50 MG,VNS,24500,4,98000
IN6056-BRG0002,IN6056,CUST55621,BRG0002,2022-04-20,4,TA,APOTEK MAJA,Kuningan,Apotek,ALERGINE TABLET SALUT,ETIKAL,112000,100,11200000
IN6057-BRG0003,IN6057,CUST55648,BRG0003,2022-05-17,5,EPM,APOTEK SAHABAT,Padang,Apotek,AMPICILLIN,MARCKS,17000,10,170000
IN6058-BRG0003,IN6058,CUST55532,BRG0003,2022-01-27,1,TA,KLINIK GM,Jakarta,Klinik,AMPICILLIN,MARCKS,17000,34,578000
IN6059-BRG0004,IN6059,CUST55683,BRG0004,2022-06-07,6,TA,APOTEK MERDEKA,Bandung,Apotek,TRAMADOL KAPSUL 50 MG,VNS,24500,11,269500
IN6060-BRG0004,IN6060,CUST55543,BRG0004,2022-02-01,2,EPM,APOTEK SAHABAT,Padang,Apotek,TRAMADOL KAPSUL 50 MG,VNS,24500,22,539000
IN6061-BRG0007,IN6061,CUST55566,BRG0007,2022-02-24,2,EPM,APOTEK SAHABAT,Padang,Apotek,ERGOTAMINE COFFEINE,ETIKAL,64700,12,776400
IN6062-BRG0001,IN6062,CUST55490,BRG0001,2022-01-27,1,TA,APOTEK SINAR JAYA,Bekasi,Apotek,ACYCLOVIR DUS,OGB & PH,96000,12,1152000
IN6063-BRG0010,IN6063,CUST55417,BRG0010,2022-02-01,2,EPM,APOTEK TAPAK,Aceh,Apotek,PARACETAMOL,SLCYL,21000,67,1407000
IN6063-BRG0007,IN6063,CUST55417,BRG0007,2022-02-01,2,EPM,APOTEK TAPAK,Aceh,Apotek,ERGOTAMINE COFFEINE,ETIKAL,64700,23,1488100
IN6063-BRG0001,IN6063,CUST55417,BRG0001,2022-02-01,2,EPM,APOTEK TAPAK,Aceh,Apotek,ACYCLOVIR DUS,OGB & PH,96000,12,1152000
IN6063-BRG0008,IN6063,CUST55417,BRG0008,2022-02-01,2,EPM,APOTEK TAPAK,Aceh,Apotek,TETRACYCLINE KAPSUL 250 MG,MARCKS,9800,12,117600
IN6063-BRG0002,IN6063,CUST55417,BRG0002,2022-02-01,2,EPM,APOTEK TAPAK,Aceh,Apotek,ALERGINE TABLET SALUT,ETIKAL,112000,25,2800000
IN6063-BRG0003,IN6063,CUST55417,BRG0003,2022-02-01,2,EPM,APOTEK TAPAK,Aceh,Apotek,AMPICILLIN,MARCKS,17000,14,238000
IN6063-BRG0005,IN6063,CUST55417,BRG0005,2022-02-01,2,EPM,APOTEK TAPAK,Aceh,Apotek,KLORPROMAZINA TABLET SALUT SELAPUT 100 MG,SLCYL,47000,24,1128000
IN6063-BRG0006,IN6063,CUST55417,BRG0006,2022-02-01,2,EPM,APOTEK TAPAK,Aceh,Apotek,KETOCONAZOLE TABLET 200 MG,OGB & PH,39000,10,390000
IN6063-BRG0004,IN6063,CUST55417,BRG0004,2022-02-01,2,EPM,APOTEK TAPAK,Aceh,Apotek,TRAMADOL KAPSUL 50 MG,VNS,24500,21,514500
IN6063-BRG0009,IN6063,CUST55417,BRG0009,2022-02-01,2,EPM,APOTEK TAPAK,Aceh,Apotek,AMBROXOL HC,VNS,31000,10,310000
IN6064-BRG0005,IN6064,CUST55380,BRG0005,2022-02-02,2,EPM,APOTEK TAPAK,Aceh,Apotek,KLORPROMAZINA TABLET SALUT SELAPUT 100 MG,SLCYL,47000,24,1128000
IN6064-BRG0006,IN6064,CUST55515,BRG0006,2022-01-28,1,EPM,APOTEK TAPAK,Aceh,Apotek,KETOCONAZOLE TABLET 200 MG,OGB & PH,39000,10,390000
IN6064-BRG0004,IN6064,CUST55380,BRG0004,2022-02-02,2,EPM,APOTEK TAPAK,Aceh,Apotek,TRAMADOL KAPSUL 50 MG,VNS,24500,24,588000
IN6065-BRG0005,IN6065,CUST55474,BRG0005,2022-01-23,1,TD,KLINIK SAHABAT,Tangerang,Klinik,KLORPROMAZINA TABLET SALUT SELAPUT 100 MG,SLCYL,47000,4,188000
IN6066-BRG0009,IN6066,CUST55538,BRG0009,2022-01-27,1,TA,APOTEK MAJA,Kuningan,Apotek,AMBROXOL HC,VNS,31000,12,372000
IN6067-BRG0005,IN6067,CUST55704,BRG0005,2022-05-01,5,TA,KLINIK GM,Jakarta,Klinik,KLORPROMAZINA TABLET SALUT SELAPUT 100 MG,SLCYL,47000,14,658000
IN6068-BRG0007,IN6068,CUST55536,BRG0007,2022-01-31,1,EPM,APOTEK SAHABAT,Padang,Apotek,ERGOTAMINE COFFEINE,ETIKAL,64700,6,388200
IN6069-BRG0002,IN6069,CUST55571,BRG0002,2022-03-01,3,TD,KLINIK SAHABAT,Tangerang,Klinik,ALERGINE TABLET SALUT,ETIKAL,112000,4,448000
IN6070-BRG0006,IN6070,CUST55485,BRG0006,2022-01-28,1,EPM,APOTEK TAPAK,Aceh,Apotek,KETOCONAZOLE TABLET 200 MG,OGB & PH,39000,23,897000
IN6071-BRG0007,IN6071,CUST55636,BRG0007,2022-04-27,4,TA,APOTEK MAJA,Kuningan,Apotek,ERGOTAMINE COFFEINE,ETIKAL,64700,95,6146500
IN6072-BRG0008,IN6072,CUST55477,BRG0008,2022-02-01,2,EPM,APOTEK TAPAK,Aceh,Apotek,TETRACYCLINE KAPSUL 250 MG,MARCKS,9800,1,9800
IN6073-BRG0009,IN6073,CUST55628,BRG0009,2022-04-27,4,TA,APOTEK MAJA,Kuningan,Apotek,AMBROXOL HC,VNS,31000,34,1054000
IN6074-BRG0003,IN6074,CUST55472,BRG0003,2022-01-27,1,TA,KLINIK GM,Jakarta,Klinik,AMPICILLIN,MARCKS,17000,98,1666000
IN6075-BRG0009,IN6075,CUST55638,BRG0009,2022-04-16,4,TA,APOTEK MERDEKA,Bandung,Apotek,AMBROXOL HC,VNS,31000,48,1488000
IN6076-BRG0005,IN6076,CUST55594,BRG0005,2022-03-24,3,TD,KLINIK SAHABAT,Tangerang,Klinik,KLORPROMAZINA TABLET SALUT SELAPUT 100 MG,SLCYL,47000,12,564000
IN6077-BRG0002,IN6077,CUST55647,BRG0002,2022-05-16,5,TA,APOTEK SINAR JAYA,Bekasi,Apotek,ALERGINE TABLET SALUT,ETIKAL,112000,12,1344000
IN6078-BRG0001,IN6078,CUST55600,BRG0001,2022-03-30,3,TA,APOTEK MERDEKA,Bandung,Apotek,ACYCLOVIR DUS,OGB & PH,96000,12,1152000
IN6079-BRG0005,IN6079,CUST55494,BRG0005,2022-01-31,1,TA,KLINIK GM,Jakarta,Klinik,KLORPROMAZINA TABLET SALUT SELAPUT 100 MG,SLCYL,47000,34,1598000
IN6080-BRG0007,IN6080,CUST55596,BRG0007,2022-03-26,3,EPM,APOTEK SAHABAT,Padang,Apotek,ERGOTAMINE COFFEINE,ETIKAL,64700,14,905800
IN6081-BRG0004,IN6081,CUST55589,BRG0004,2022-03-19,3,TD,KLINIK DR. ANDRI,Lampung,Klinik,TRAMADOL KAPSUL 50 MG,VNS,24500,25,612500
IN6082-BRG0002,IN6082,CUST55617,BRG0002,2022-04-16,4,TA,APOTEK SINAR JAYA,Bekasi,Apotek,ALERGINE TABLET SALUT,ETIKAL,112000,8,896000
IN6083-BRG0008,IN6083,CUST55487,BRG0008,2022-01-30,1,TA,KLINIK GM,Jakarta,Klinik,TETRACYCLINE KAPSUL 250 MG,MARCKS,9800,2,19600
IN6084-BRG0002,IN6084,CUST55471,BRG0002,2022-02-01,2,TA,APOTEK MAJA,Kuningan,Apotek,ALERGINE TABLET SALUT,ETIKAL,112000,67,7504000
IN6085-BRG0002,IN6085,CUST55601,BRG0002,2022-03-31,3,TD,KLINIK SAHABAT,Tangerang,Klinik,ALERGINE TABLET SALUT,ETIKAL,112000,25,2800000
IN6086-BRG0003,IN6086,CUST55408,BRG0003,2022-01-23,1,EPM,APOTEK SAHABAT,Padang,Apotek,AMPICILLIN,MARCKS,17000,14,238000
IN6087-BRG0001,IN6087,CUST55560,BRG0001,2022-02-18,2,EPM,APOTEK TAPAK,Aceh,Apotek,ACYCLOVIR DUS,OGB & PH,96000,12,1152000
IN6088-BRG0009,IN6088,CUST55548,BRG0009,2022-02-06,2,TA,APOTEK MERDEKA,Bandung,Apotek,AMBROXOL HC,VNS,31000,10,310000
IN6089-BRG0007,IN6089,CUST55386,BRG0007,2022-01-25,1,EPM,APOTEK SAHABAT,Padang,Apotek,ERGOTAMINE COFFEINE,ETIKAL,64700,9,582300
IN6090-BRG0006,IN6090,CUST55655,BRG0006,2022-05-24,5,TA,APOTEK SINAR JAYA,Bekasi,Apotek,KETOCONAZOLE TABLET 200 MG,OGB & PH,39000,21,819000
IN6091-BRG0008,IN6091,CUST55687,BRG0008,2022-06-11,6,EPM,APOTEK TAPAK,Aceh,Apotek,TETRACYCLINE KAPSUL 250 MG,MARCKS,9800,14,137200
IN6092-BRG0005,IN6092,CUST55584,BRG0005,2022-03-14,3,TA,KLINIK GM,Jakarta,Klinik,KLORPROMAZINA TABLET SALUT SELAPUT 100 MG,SLCYL,47000,2,94000
IN6093-BRG0005,IN6093,CUST55674,BRG0005,2022-05-29,5,TA,KLINIK GM,Jakarta,Klinik,KLORPROMAZINA TABLET SALUT SELAPUT 100 MG,SLCYL,47000,13,611000
IN6094-BRG0001,IN6094,CUST55710,BRG0001,2022-05-02,5,EPM,APOTEK TAPAK,Aceh,Apotek,ACYCLOVIR DUS,OGB & PH,96000,67,6432000
IN6095-BRG0009,IN6095,CUST55478,BRG0009,2022-01-27,1,TA,APOTEK MAJA,Kuningan,Apotek,AMBROXOL HC,VNS,31000,5,155000
IN6096-BRG0002,IN6096,CUST55561,BRG0002,2022-02-19,2,TA,APOTEK MAJA,Kuningan,Apotek,ALERGINE TABLET SALUT,ETIKAL,112000,25,2800000
IN6097-BRG0009,IN6097,CUST55718,BRG0009,2022-04-30,4,TA,APOTEK MAJA,Kuningan,Apotek,AMBROXOL HC,VNS,31000,100,3100000
IN6098-BRG0010,IN6098,CUST55599,BRG0010,2022-03-29,3,TA,KLINIK GM,Jakarta,Klinik,PARACETAMOL,SLCYL,21000,19,399000
IN6099-BRG0008,IN6099,CUST55457,BRG0008,2022-01-30,1,TA,KLINIK GM,Jakarta,Klinik,TETRACYCLINE KAPSUL 250 MG,MARCKS,9800,5,49000
IN6100-BRG0002,IN6100,CUST55677,BRG0002,2022-06-01,6,TA,APOTEK SINAR JAYA,Bekasi,Apotek,ALERGINE TABLET SALUT,ETIKAL,112000,9,1008000
IN6101-BRG0004,IN6101,CUST55723,BRG0004,2022-04-30,4,EPM,APOTEK SAHABAT,Padang,Apotek,TRAMADOL KAPSUL 50 MG,VNS,24500,20,490000
IN6102-BRG0003,IN6102,CUST55392,BRG0003,2022-01-31,1,TA,APOTEK SINAR JAYA,Bekasi,Apotek,AMPICILLIN,MARCKS,17000,11,187000
IN6102-BRG0007,IN6102,CUST55392,BRG0007,2022-01-31,1,TA,APOTEK SINAR JAYA,Bekasi,Apotek,ERGOTAMINE COFFEINE,ETIKAL,64700,24,1552800
IN6103-BRG0001,IN6103,CUST55496,BRG0001,2022-01-27,1,TD,KLINIK SAHABAT,Tangerang,Klinik,ACYCLOVIR DUS,OGB & PH,96000,15,1440000
IN6104-BRG0004,IN6104,CUST55433,BRG0004,2022-01-30,1,TA,APOTEK MAJA,Kuningan,Apotek,TRAMADOL KAPSUL 50 MG,VNS,24500,45,1102500
IN6105-BRG0001,IN6105,CUST55700,BRG0001,2022-05-02,5,TA,APOTEK SINAR JAYA,Bekasi,Apotek,ACYCLOVIR DUS,OGB & PH,96000,21,2016000
IN6106-BRG0004,IN6106,CUST55713,BRG0004,2022-04-30,4,TA,APOTEK MERDEKA,Bandung,Apotek,TRAMADOL KAPSUL 50 MG,VNS,24500,4,98000
IN6107-BRG0002,IN6107,CUST55511,BRG0002,2022-01-30,1,TD,KLINIK SAHABAT,Tangerang,Klinik,ALERGINE TABLET SALUT,ETIKAL,112000,24,2688000
IN6108-BRG0004,IN6108,CUST55409,BRG0004,2022-01-30,1,TD,KLINIK DR. ANDRI,Lampung,Klinik,TRAMADOL KAPSUL 50 MG,VNS,24500,21,514500
IN6109-BRG0003,IN6109,CUST55702,BRG0003,2022-06-16,6,EPM,APOTEK TAPAK,Aceh,Apotek,AMPICILLIN,MARCKS,17000,12,204000
IN6110-BRG0007,IN6110,CUST55576,BRG0007,2022-03-06,3,TA,APOTEK MAJA,Kuningan,Apotek,ERGOTAMINE COFFEINE,ETIKAL,64700,9,582300
IN6111-BRG0008,IN6111,CUST55657,BRG0008,2022-05-26,5,EPM,APOTEK TAPAK,Aceh,Apotek,TETRACYCLINE KAPSUL 250 MG,MARCKS,9800,12,117600
IN6112-BRG0007,IN6112,CUST55726,BRG0007,2022-05-03,5,TA,APOTEK MAJA,Kuningan,Apotek,ERGOTAMINE COFFEINE,ETIKAL,64700,34,2199800
IN6113-BRG0005,IN6113,CUST55382,BRG0005,2022-02-01,2,TA,KLINIK GM,Jakarta,Klinik,KLORPROMAZINA TABLET SALUT SELAPUT 100 MG,SLCYL,47000,12,564000
IN6113-BRG0001,IN6113,CUST55400,BRG0001,2022-01-27,1,TA,APOTEK SINAR JAYA,Bekasi,Apotek,ACYCLOVIR DUS,OGB & PH,96000,12,1152000
IN6113-BRG0001,IN6113,CUST55382,BRG0001,2022-02-01,2,TA,KLINIK GM,Jakarta,Klinik,ACYCLOVIR DUS,OGB & PH,96000,2,192000
IN6113-BRG0004,IN6113,CUST55382,BRG0004,2022-02-01,2,TA,KLINIK GM,Jakarta,Klinik,TRAMADOL KAPSUL 50 MG,VNS,24500,12,294000
IN6113-BRG0002,IN6113,CUST55382,BRG0002,2022-02-01,2,TA,KLINIK GM,Jakarta,Klinik,ALERGINE TABLET SALUT,ETIKAL,112000,2,224000
IN6114-BRG0010,IN6114,CUST55569,BRG0010,2022-02-27,2,TA,KLINIK GM,Jakarta,Klinik,PARACETAMOL,SLCYL,21000,98,2058000
IN6115-BRG0007,IN6115,CUST55716,BRG0007,2022-05-03,5,EPM,APOTEK SAHABAT,Padang,Apotek,ERGOTAMINE COFFEINE,ETIKAL,64700,10,647000
IN6116-BRG0006,IN6116,CUST55455,BRG0006,2022-01-28,1,EPM,APOTEK TAPAK,Aceh,Apotek,KETOCONAZOLE TABLET 200 MG,OGB & PH,39000,67,2613000
IN6117-BRG0008,IN6117,CUST55667,BRG0008,2022-05-22,5,TA,KLINIK GM,Jakarta,Klinik,TETRACYCLINE KAPSUL 250 MG,MARCKS,9800,5,49000
IN6118-BRG0003,IN6118,CUST55502,BRG0003,2022-01-27,1,TA,KLINIK GM,Jakarta,Klinik,AMPICILLIN,MARCKS,17000,19,323000
IN6119-BRG0010,IN6119,CUST55449,BRG0010,2022-01-28,1,TA,KLINIK GM,Jakarta,Klinik,PARACETAMOL,SLCYL,21000,14,294000
IN6120-BRG0006,IN6120,CUST55465,BRG0006,2022-02-01,2,TA,APOTEK MERDEKA,Bandung,Apotek,KETOCONAZOLE TABLET 200 MG,OGB & PH,39000,14,546000
IN6121-BRG0007,IN6121,CUST55666,BRG0007,2022-05-21,5,TA,APOTEK MAJA,Kuningan,Apotek,ERGOTAMINE COFFEINE,ETIKAL,64700,98,6340600
IN6122-BRG0006,IN6122,CUST55445,BRG0006,2022-01-30,1,TA,APOTEK SINAR JAYA,Bekasi,Apotek,KETOCONAZOLE TABLET 200 MG,OGB & PH,39000,21,819000
IN6123-BRG0008,IN6123,CUST55697,BRG0008,2022-06-16,6,TA,KLINIK GM,Jakarta,Klinik,TETRACYCLINE KAPSUL 250 MG,MARCKS,9800,12,117600
IN6124-BRG0003,IN6124,CUST55442,BRG0003,2022-01-27,1,TA,KLINIK GM,Jakarta,Klinik,AMPICILLIN,MARCKS,17000,95,1615000
IN6125-BRG0003,IN6125,CUST55402,BRG0003,2022-01-23,1,EPM,APOTEK TAPAK,Aceh,Apotek,AMPICILLIN,MARCKS,17000,14,238000
IN6126-BRG0005,IN6126,CUST55624,BRG0005,2022-04-23,4,TD,KLINIK SAHABAT,Tangerang,Klinik,KLORPROMAZINA TABLET SALUT SELAPUT 100 MG,SLCYL,47000,45,2115000
IN6127-BRG0006,IN6127,CUST55625,BRG0006,2022-04-24,4,TA,APOTEK SINAR JAYA,Bekasi,Apotek,KETOCONAZOLE TABLET 200 MG,OGB & PH,39000,34,1326000
IN6128-BRG0008,IN6128,CUST55537,BRG0008,2022-02-01,2,EPM,APOTEK TAPAK,Aceh,Apotek,TETRACYCLINE KAPSUL 250 MG,MARCKS,9800,79,774200
IN6129-BRG0001,IN6129,CUST55556,BRG0001,2022-02-14,2,TD,KLINIK SAHABAT,Tangerang,Klinik,ACYCLOVIR DUS,OGB & PH,96000,8,768000
IN6130-BRG0009,IN6130,CUST55518,BRG0009,2022-01-31,1,TA,APOTEK MERDEKA,Bandung,Apotek,AMBROXOL HC,VNS,31000,5,155000
IN6131-BRG0010,IN6131,CUST55418,BRG0010,2022-01-28,1,TA,APOTEK MAJA,Kuningan,Apotek,PARACETAMOL,SLCYL,21000,27,567000
IN6131-BRG0009,IN6131,CUST55418,BRG0009,2022-01-28,1,TA,APOTEK MAJA,Kuningan,Apotek,AMBROXOL HC,VNS,31000,10,310000
IN6131-BRG0009,IN6131,CUST55418,BRG0009,2022-01-27,1,TA,APOTEK MAJA,Kuningan,Apotek,AMBROXOL HC,VNS,31000,10,310000
IN6132-BRG0003,IN6132,CUST55708,BRG0003,2022-04-30,4,EPM,APOTEK SAHABAT,Padang,Apotek,AMPICILLIN,MARCKS,17000,12,204000
IN6133-BRG0010,IN6133,CUST55429,BRG0010,2022-02-01,2,TD,KLINIK SAHABAT,Tangerang,Klinik,PARACETAMOL,SLCYL,21000,78,1638000
IN6134-BRG0002,IN6134,CUST55441,BRG0002,2022-02-01,2,TA,APOTEK MAJA,Kuningan,Apotek,ALERGINE TABLET SALUT,ETIKAL,112000,12,1344000
IN6135-BRG0001,IN6135,CUST55550,BRG0001,2022-02-08,2,TA,APOTEK SINAR JAYA,Bekasi,Apotek,ACYCLOVIR DUS,OGB & PH,96000,12,1152000
IN6136-BRG0001,IN6136,CUST55526,BRG0001,2022-01-27,1,TD,KLINIK SAHABAT,Tangerang,Klinik,ACYCLOVIR DUS,OGB & PH,96000,78,7488000
IN6137-BRG0004,IN6137,CUST55573,BRG0004,2022-03-03,3,EPM,APOTEK SAHABAT,Padang,Apotek,TRAMADOL KAPSUL 50 MG,VNS,24500,9,220500
IN6138-BRG0002,IN6138,CUST55661,BRG0002,2022-04-18,4,TD,KLINIK SAHABAT,Tangerang,Klinik,ALERGINE TABLET SALUT,ETIKAL,112000,10,1120000
IN6139-BRG0004,IN6139,CUST55623,BRG0004,2022-04-22,4,TA,APOTEK MERDEKA,Bandung,Apotek,TRAMADOL KAPSUL 50 MG,VNS,24500,78,1911000
IN6140-BRG0006,IN6140,CUST55595,BRG0006,2022-03-25,3,TA,APOTEK SINAR JAYA,Bekasi,Apotek,KETOCONAZOLE TABLET 200 MG,OGB & PH,39000,25,975000
IN6141-BRG0002,IN6141,CUST55401,BRG0002,2022-01-28,1,EPM,APOTEK SAHABAT,Padang,Apotek,ALERGINE TABLET SALUT,ETIKAL,112000,25,2800000
IN6142-BRG0005,IN6142,CUST55724,BRG0005,2022-05-01,5,TD,KLINIK DR. ANDRI,Lampung,Klinik,KLORPROMAZINA TABLET SALUT SELAPUT 100 MG,SLCYL,47000,45,2115000
IN6143-BRG0006,IN6143,CUST55705,BRG0006,2022-05-02,5,TA,APOTEK MERDEKA,Bandung,Apotek,KETOCONAZOLE TABLET 200 MG,OGB & PH,39000,24,936000
IN6144-BRG0007,IN6144,CUST55383,BRG0007,2022-01-22,1,TA,APOTEK MERDEKA,Bandung,Apotek,ERGOTAMINE COFFEINE,ETIKAL,64700,13,841100
IN6144-BRG0008,IN6144,CUST55383,BRG0008,2022-01-22,1,TA,APOTEK MERDEKA,Bandung,Apotek,TETRACYCLINE KAPSUL 250 MG,MARCKS,9800,13,127400
IN6144-BRG0010,IN6144,CUST55383,BRG0010,2022-01-22,1,TA,APOTEK MERDEKA,Bandung,Apotek,PARACETAMOL,SLCYL,21000,13,273000
IN6144-BRG0009,IN6144,CUST55383,BRG0009,2022-01-22,1,TA,APOTEK MERDEKA,Bandung,Apotek,AMBROXOL HC,VNS,31000,13,403000
IN6144-BRG0004,IN6144,CUST55383,BRG0004,2022-01-22,1,TA,APOTEK MERDEKA,Bandung,Apotek,TRAMADOL KAPSUL 50 MG,VNS,24500,13,318500
IN6145-BRG0003,IN6145,CUST55642,BRG0003,2022-04-20,4,EPM,APOTEK TAPAK,Aceh,Apotek,AMPICILLIN,MARCKS,17000,25,425000
IN6146-BRG0003,IN6146,CUST55412,BRG0003,2022-01-27,1,TA,KLINIK GM,Jakarta,Klinik,AMPICILLIN,MARCKS,17000,25,425000
IN6147-BRG0006,IN6147,CUST55555,BRG0006,2022-02-13,2,TA,APOTEK MERDEKA,Bandung,Apotek,KETOCONAZOLE TABLET 200 MG,OGB & PH,39000,4,156000
IN6148-BRG0007,IN6148,CUST55476,BRG0007,2022-01-31,1,EPM,APOTEK SAHABAT,Padang,Apotek,ERGOTAMINE COFFEINE,ETIKAL,64700,9,582300
IN6149-BRG0001,IN6149,CUST55590,BRG0001,2022-03-20,3,EPM,APOTEK TAPAK,Aceh,Apotek,ACYCLOVIR DUS,OGB & PH,96000,14,1344000
IN6150-BRG0002,IN6150,CUST55651,BRG0002,2022-05-20,5,TA,APOTEK MAJA,Kuningan,Apotek,ALERGINE TABLET SALUT,ETIKAL,112000,5,560000
IN6151-BRG0001,IN6151,CUST55720,BRG0001,2022-05-02,5,TA,APOTEK MERDEKA,Bandung,Apotek,ACYCLOVIR DUS,OGB & PH,96000,78,7488000
IN6152-BRG0003,IN6152,CUST55512,BRG0003,2022-01-31,1,TA,APOTEK SINAR JAYA,Bekasi,Apotek,AMPICILLIN,MARCKS,17000,10,170000
IN6153-BRG0008,IN6153,CUST55597,BRG0008,2022-03-27,3,EPM,APOTEK TAPAK,Aceh,Apotek,TETRACYCLINE KAPSUL 250 MG,MARCKS,9800,18,176400
IN6154-BRG0002,IN6154,CUST55641,BRG0002,2022-04-19,4,EPM,APOTEK SAHABAT,Padang,Apotek,ALERGINE TABLET SALUT,ETIKAL,112000,12,1344000
IN6155-BRG0005,IN6155,CUST55382,BRG0005,2022-01-21,1,TA,KLINIK GM,Jakarta,Klinik,KLORPROMAZINA TABLET SALUT SELAPUT 100 MG,SLCYL,47000,12,564000
IN6155-BRG0010,IN6155,CUST55382,BRG0010,2022-01-21,1,TA,KLINIK GM,Jakarta,Klinik,PARACETAMOL,SLCYL,21000,12,252000
IN6155-BRG0004,IN6155,CUST55382,BRG0004,2022-01-21,1,TA,KLINIK GM,Jakarta,Klinik,TRAMADOL KAPSUL 50 MG,VNS,24500,12,294000
IN6155-BRG0009,IN6155,CUST55382,BRG0009,2022-01-21,1,TA,KLINIK GM,Jakarta,Klinik,AMBROXOL HC,VNS,31000,25,775000
IN6155-BRG0006,IN6155,CUST55382,BRG0006,2022-01-21,1,TA,KLINIK GM,Jakarta,Klinik,KETOCONAZOLE TABLET 200 MG,OGB & PH,39000,22,858000
IN6155-BRG0007,IN6155,CUST55382,BRG0007,2022-01-21,1,TA,KLINIK GM,Jakarta,Klinik,ERGOTAMINE COFFEINE,ETIKAL,64700,10,647000
IN6155-BRG0008,IN6155,CUST55382,BRG0008,2022-01-21,1,TA,KLINIK GM,Jakarta,Klinik,TETRACYCLINE KAPSUL 250 MG,MARCKS,9800,25,245000
IN6155-BRG0003,IN6155,CUST55382,BRG0003,2022-01-21,1,TA,KLINIK GM,Jakarta,Klinik,AMPICILLIN,MARCKS,17000,9,153000
IN6156-BRG0009,IN6156,CUST55608,BRG0009,2022-04-07,4,TA,APOTEK MERDEKA,Bandung,Apotek,AMBROXOL HC,VNS,31000,24,744000
IN6157-BRG0004,IN6157,CUST55613,BRG0004,2022-04-12,4,TA,APOTEK MAJA,Kuningan,Apotek,TRAMADOL KAPSUL 50 MG,VNS,24500,67,1641500
IN6158-BRG0010,IN6158,CUST55699,BRG0010,2022-05-01,5,TD,KLINIK SAHABAT,Tangerang,Klinik,PARACETAMOL,SLCYL,21000,14,294000
IN6159-BRG0010,IN6159,CUST55689,BRG0010,2022-06-13,6,TA,KLINIK GM,Jakarta,Klinik,PARACETAMOL,SLCYL,21000,67,1407000
IN6160-BRG0003,IN6160,CUST55672,BRG0003,2022-05-27,5,EPM,APOTEK TAPAK,Aceh,Apotek,AMPICILLIN,MARCKS,17000,5,85000
IN6161-BRG0001,IN6161,CUST55466,BRG0001,2022-01-27,1,TD,KLINIK SAHABAT,Tangerang,Klinik,ACYCLOVIR DUS,OGB & PH,96000,24,2304000
IN6162-BRG0004,IN6162,CUST55503,BRG0004,2022-01-28,1,TA,APOTEK MERDEKA,Bandung,Apotek,TRAMADOL KAPSUL 50 MG,VNS,24500,12,294000
IN6163-BRG0002,IN6163,CUST55421,BRG0002,2022-01-30,1,TD,KLINIK SAHABAT,Tangerang,Klinik,ALERGINE TABLET SALUT,ETIKAL,112000,5,560000
IN6164-BRG0009,IN6164,CUST55578,BRG0009,2022-03-08,3,TA,APOTEK MERDEKA,Bandung,Apotek,AMBROXOL HC,VNS,31000,1,31000
IN6165-BRG0003,IN6165,CUST55722,BRG0003,2022-06-16,6,TA,APOTEK SINAR JAYA,Bekasi,Apotek,AMPICILLIN,MARCKS,17000,34,578000
IN6166-BRG0006,IN6166,CUST55675,BRG0006,2022-05-30,5,TA,APOTEK MERDEKA,Bandung,Apotek,KETOCONAZOLE TABLET 200 MG,OGB & PH,39000,1,39000
IN6167-BRG0002,IN6167,CUST55491,BRG0002,2022-01-28,1,EPM,APOTEK SAHABAT,Padang,Apotek,ALERGINE TABLET SALUT,ETIKAL,112000,12,1344000
IN6168-BRG0005,IN6168,CUST55644,BRG0005,2022-05-13,5,TA,KLINIK GM,Jakarta,Klinik,KLORPROMAZINA TABLET SALUT SELAPUT 100 MG,SLCYL,47000,24,1128000
IN6169-BRG0006,IN6169,CUST55665,BRG0006,2022-05-20,5,EPM,APOTEK TAPAK,Aceh,Apotek,KETOCONAZOLE TABLET 200 MG,OGB & PH,39000,67,2613000
IN6170-BRG0006,IN6170,CUST55505,BRG0006,2022-01-30,1,TA,APOTEK SINAR JAYA,Bekasi,Apotek,KETOCONAZOLE TABLET 200 MG,OGB & PH,39000,14,546000
IN6171-BRG0006,IN6171,CUST55545,BRG0006,2022-02-03,2,EPM,APOTEK TAPAK,Aceh,Apotek,KETOCONAZOLE TABLET 200 MG,OGB & PH,39000,25,975000
IN6172-BRG0002,IN6172,CUST55497,BRG0002,2022-01-28,1,TA,APOTEK SINAR JAYA,Bekasi,Apotek,ALERGINE TABLET SALUT,ETIKAL,112000,12,1344000
IN6173-BRG0001,IN6173,CUST55406,BRG0001,2022-01-27,1,TD,KLINIK SAHABAT,Tangerang,Klinik,ACYCLOVIR DUS,OGB & PH,96000,12,1152000
IN6174-BRG0003,IN6174,CUST55618,BRG0003,2022-04-17,4,EPM,APOTEK SAHABAT,Padang,Apotek,AMPICILLIN,MARCKS,17000,9,153000
IN6175-BRG0005,IN6175,CUST55404,BRG0005,2022-01-31,1,TA,KLINIK GM,Jakarta,Klinik,KLORPROMAZINA TABLET SALUT SELAPUT 100 MG,SLCYL,47000,18,846000
IN6176-BRG0004,IN6176,CUST55403,BRG0004,2022-01-30,1,TA,APOTEK MAJA,Kuningan,Apotek,TRAMADOL KAPSUL 50 MG,VNS,24500,18,441000
IN6177-BRG0006,IN6177,CUST55585,BRG0006,2022-03-15,3,TA,APOTEK MERDEKA,Bandung,Apotek,KETOCONAZOLE TABLET 200 MG,OGB & PH,39000,17,663000
IN6178-BRG0006,IN6178,CUST55695,BRG0006,2022-05-02,5,EPM,APOTEK TAPAK,Aceh,Apotek,KETOCONAZOLE TABLET 200 MG,OGB & PH,39000,18,702000
IN6179-BRG0010,IN6179,CUST55669,BRG0010,2022-05-24,5,TD,KLINIK SAHABAT,Tangerang,Klinik,PARACETAMOL,SLCYL,21000,8,168000
IN6180-BRG0005,IN6180,CUST55614,BRG0005,2022-04-13,4,TA,KLINIK GM,Jakarta,Klinik,KLORPROMAZINA TABLET SALUT SELAPUT 100 MG,SLCYL,47000,98,4606000
IN6181-BRG0010,IN6181,CUST55549,BRG0010,2022-02-07,2,TD,KLINIK SAHABAT,Tangerang,Klinik,PARACETAMOL,SLCYL,21000,130,2730000
IN6182-BRG0008,IN6182,CUST55577,BRG0008,2022-03-07,3,TA,KLINIK GM,Jakarta,Klinik,TETRACYCLINE KAPSUL 250 MG,MARCKS,9800,13,127400
IN6183-BRG0003,IN6183,CUST55498,BRG0003,2022-01-23,1,EPM,APOTEK SAHABAT,Padang,Apotek,AMPICILLIN,MARCKS,17000,25,425000
IN6184-BRG0002,IN6184,CUST55395,BRG0002,2022-01-28,1,EPM,APOTEK TAPAK,Aceh,Apotek,ALERGINE TABLET SALUT,ETIKAL,112000,1,112000
IN6184-BRG0004,IN6184,CUST55395,BRG0004,2022-01-28,1,EPM,APOTEK TAPAK,Aceh,Apotek,TRAMADOL KAPSUL 50 MG,VNS,24500,25,612500
IN6184-BRG0003,IN6184,CUST55395,BRG0003,2022-01-28,1,EPM,APOTEK TAPAK,Aceh,Apotek,AMPICILLIN,MARCKS,17000,12,204000
IN6184-BRG0006,IN6184,CUST55395,BRG0006,2022-01-28,1,EPM,APOTEK TAPAK,Aceh,Apotek,KETOCONAZOLE TABLET 200 MG,OGB & PH,39000,25,975000
IN6185-BRG0004,IN6185,CUST55483,BRG0004,2022-02-01,2,EPM,APOTEK SAHABAT,Padang,Apotek,TRAMADOL KAPSUL 50 MG,VNS,24500,9,220500
IN6186-BRG0001,IN6186,CUST55500,BRG0001,2022-01-31,1,EPM,APOTEK TAPAK,Aceh,Apotek,ACYCLOVIR DUS,OGB & PH,96000,18,1728000
IN6187-BRG0007,IN6187,CUST55606,BRG0007,2022-04-05,4,TA,APOTEK MAJA,Kuningan,Apotek,ERGOTAMINE COFFEINE,ETIKAL,64700,25,1617500
IN6188-BRG0005,IN6188,CUST55454,BRG0005,2022-01-27,1,TD,KLINIK DR. ANDRI,Lampung,Klinik,KLORPROMAZINA TABLET SALUT SELAPUT 100 MG,SLCYL,47000,10,470000
IN6189-BRG0005,IN6189,CUST55574,BRG0005,2022-03-04,3,TD,KLINIK DR. ANDRI,Lampung,Klinik,KLORPROMAZINA TABLET SALUT SELAPUT 100 MG,SLCYL,47000,1,47000
IN6190-BRG0001,IN6190,CUST55390,BRG0001,2022-01-23,1,TA,APOTEK MERDEKA,Bandung,Apotek,ACYCLOVIR DUS,OGB & PH,96000,2,192000
IN6190-BRG0001,IN6190,CUST55390,BRG0001,2022-01-23,1,TA,APOTEK MERDEKA,Bandung,Apotek,ACYCLOVIR DUS,OGB & PH,96000,40,3840000
IN6191-BRG0003,IN6191,CUST55422,BRG0003,2022-01-31,1,TA,APOTEK SINAR JAYA,Bekasi,Apotek,AMPICILLIN,MARCKS,17000,4,68000
IN6192-BRG0006,IN6192,CUST55645,BRG0006,2022-05-14,5,TA,APOTEK MERDEKA,Bandung,Apotek,KETOCONAZOLE TABLET 200 MG,OGB & PH,39000,10,390000
IN6193-BRG0003,IN6193,CUST55588,BRG0003,2022-03-18,3,EPM,APOTEK SAHABAT,Padang,Apotek,AMPICILLIN,MARCKS,17000,12,204000
IN6194-BRG0009,IN6194,CUST55658,BRG0009,2022-04-18,4,TA,APOTEK MAJA,Kuningan,Apotek,AMBROXOL HC,VNS,31000,25,775000
IN6195-BRG0009,IN6195,CUST55398,BRG0009,2022-01-31,1,TA,APOTEK MERDEKA,Bandung,Apotek,AMBROXOL HC,VNS,31000,67,2077000
IN6195-BRG0007,IN6195,CUST55398,BRG0007,2022-01-31,1,TA,APOTEK MERDEKA,Bandung,Apotek,ERGOTAMINE COFFEINE,ETIKAL,64700,10,647000
IN6195-BRG0004,IN6195,CUST55398,BRG0004,2022-01-31,1,TA,APOTEK MERDEKA,Bandung,Apotek,TRAMADOL KAPSUL 50 MG,VNS,24500,10,245000
IN6196-BRG0001,IN6196,CUST55530,BRG0001,2022-01-31,1,EPM,APOTEK TAPAK,Aceh,Apotek,ACYCLOVIR DUS,OGB & PH,96000,45,4320000
IN6197-BRG0001,IN6197,CUST55630,BRG0001,2022-04-29,4,TA,APOTEK MERDEKA,Bandung,Apotek,ACYCLOVIR DUS,OGB & PH,96000,34,3264000
IN6198-BRG0001,IN6198,CUST55680,BRG0001,2022-06-04,6,EPM,APOTEK TAPAK,Aceh,Apotek,ACYCLOVIR DUS,OGB & PH,96000,4,384000
IN6199-BRG0010,IN6199,CUST55509,BRG0010,2022-01-28,1,TA,KLINIK GM,Jakarta,Klinik,PARACETAMOL,SLCYL,21000,25,525000
IN6200-BRG0004,IN6200,CUST55473,BRG0004,2022-01-28,1,TA,APOTEK MERDEKA,Bandung,Apotek,TRAMADOL KAPSUL 50 MG,VNS,24500,5,122500
IN6201-BRG0009,IN6201,CUST55668,BRG0009,2022-05-23,5,TA,APOTEK MERDEKA,Bandung,Apotek,AMBROXOL HC,VNS,31000,4,124000
IN6202-BRG0003,IN6202,CUST55528,BRG0003,2022-01-23,1,EPM,APOTEK SAHABAT,Padang,Apotek,AMPICILLIN,MARCKS,17000,34,578000
IN6203-BRG0005,IN6203,CUST55524,BRG0005,2022-01-31,1,TA,KLINIK GM,Jakarta,Klinik,KLORPROMAZINA TABLET SALUT SELAPUT 100 MG,SLCYL,47000,100,4700000
IN6204-BRG0008,IN6204,CUST55727,BRG0008,2022-06-16,6,TA,KLINIK GM,Jakarta,Klinik,TETRACYCLINE KAPSUL 250 MG,MARCKS,9800,34,333200
IN6205-BRG0001,IN6205,CUST55520,BRG0001,2022-01-27,1,TA,APOTEK SINAR JAYA,Bekasi,Apotek,ACYCLOVIR DUS,OGB & PH,96000,8,768000
IN6206-BRG0003,IN6206,CUST55582,BRG0003,2022-03-12,3,EPM,APOTEK TAPAK,Aceh,Apotek,AMPICILLIN,MARCKS,17000,23,391000
IN6207-BRG0006,IN6207,CUST55605,BRG0006,2022-04-04,4,EPM,APOTEK TAPAK,Aceh,Apotek,KETOCONAZOLE TABLET 200 MG,OGB & PH,39000,12,468000
IN6208-BRG0006,IN6208,CUST55475,BRG0006,2022-01-30,1,TA,APOTEK SINAR JAYA,Bekasi,Apotek,KETOCONAZOLE TABLET 200 MG,OGB & PH,39000,8,312000
IN6209-BRG0001,IN6209,CUST55586,BRG0001,2022-03-16,3,TD,KLINIK SAHABAT,Tangerang,Klinik,ACYCLOVIR DUS,OGB & PH,96000,11,1056000
IN6210-BRG0007,IN6210,CUST55486,BRG0007,2022-01-23,1,TA,APOTEK MAJA,Kuningan,Apotek,ERGOTAMINE COFFEINE,ETIKAL,64700,4,258800
IN6211-BRG0002,IN6211,CUST55501,BRG0002,2022-02-01,2,TA,APOTEK MAJA,Kuningan,Apotek,ALERGINE TABLET SALUT,ETIKAL,112000,18,2016000
IN6212-BRG0002,IN6212,CUST55681,BRG0002,2022-06-05,6,TA,APOTEK MAJA,Kuningan,Apotek,ALERGINE TABLET SALUT,ETIKAL,112000,2,224000
IN6213-BRG0002,IN6213,CUST55701,BRG0002,2022-05-03,5,EPM,APOTEK SAHABAT,Padang,Apotek,ALERGINE TABLET SALUT,ETIKAL,112000,22,2464000
IN6214-BRG0002,IN6214,CUST55461,BRG0002,2022-01-28,1,EPM,APOTEK SAHABAT,Padang,Apotek,ALERGINE TABLET SALUT,ETIKAL,112000,21,2352000
IN6215-BRG0001,IN6215,CUST55510,BRG0001,2022-01-23,1,TA,APOTEK MERDEKA,Bandung,Apotek,ACYCLOVIR DUS,OGB & PH,96000,14,1344000
IN6216-BRG0007,IN6216,CUST55456,BRG0007,2022-01-23,1,TA,APOTEK MAJA,Kuningan,Apotek,ERGOTAMINE COFFEINE,ETIKAL,64700,98,6340600
IN6217-BRG0003,IN6217,CUST55438,BRG0003,2022-01-23,1,EPM,APOTEK SAHABAT,Padang,Apotek,AMPICILLIN,MARCKS,17000,5,85000
IN6218-BRG0010,IN6218,CUST55639,BRG0010,2022-04-17,4,TD,KLINIK SAHABAT,Tangerang,Klinik,PARACETAMOL,SLCYL,21000,21,441000
IN6219-BRG0001,IN6219,CUST55436,BRG0001,2022-01-27,1,TD,KLINIK SAHABAT,Tangerang,Klinik,ACYCLOVIR DUS,OGB & PH,96000,34,3264000
IN6220-BRG0005,IN6220,CUST55444,BRG0005,2022-01-23,1,TD,KLINIK SAHABAT,Tangerang,Klinik,KLORPROMAZINA TABLET SALUT SELAPUT 100 MG,SLCYL,47000,48,2256000
IN6221-BRG0005,IN6221,CUST55504,BRG0005,2022-01-23,1,TD,KLINIK SAHABAT,Tangerang,Klinik,KLORPROMAZINA TABLET SALUT SELAPUT 100 MG,SLCYL,47000,25,1175000
IN6222-BRG0003,IN6222,CUST55678,BRG0003,2022-06-02,6,EPM,APOTEK SAHABAT,Padang,Apotek,AMPICILLIN,MARCKS,17000,1,17000
IN6223-BRG0004,IN6223,CUST55633,BRG0004,2022-05-02,5,EPM,APOTEK SAHABAT,Padang,Apotek,TRAMADOL KAPSUL 50 MG,VNS,24500,6,147000
IN6224-BRG0004,IN6224,CUST55559,BRG0004,2022-02-17,2,TD,KLINIK DR. ANDRI,Lampung,Klinik,TRAMADOL KAPSUL 50 MG,VNS,24500,22,539000
IN6225-BRG0002,IN6225,CUST55631,BRG0002,2022-04-30,4,TD,KLINIK SAHABAT,Tangerang,Klinik,ALERGINE TABLET SALUT,ETIKAL,112000,44,4928000
IN6226-BRG0007,IN6226,CUST55416,BRG0007,2022-01-31,1,EPM,APOTEK SAHABAT,Padang,Apotek,ERGOTAMINE COFFEINE,ETIKAL,64700,23,1488100
IN6227-BRG0002,IN6227,CUST55611,BRG0002,2022-04-10,4,EPM,APOTEK SAHABAT,Padang,Apotek,ALERGINE TABLET SALUT,ETIKAL,112000,12,1344000
IN6228-BRG0009,IN6228,CUST55508,BRG0009,2022-01-27,1,TA,APOTEK MAJA,Kuningan,Apotek,AMBROXOL HC,VNS,31000,12,372000
IN6229-BRG0006,IN6229,CUST55575,BRG0006,2022-03-05,3,EPM,APOTEK TAPAK,Aceh,Apotek,KETOCONAZOLE TABLET 200 MG,OGB & PH,39000,5,195000
IN6230-BRG0004,IN6230,CUST55413,BRG0004,2022-01-28,1,TA,APOTEK MERDEKA,Bandung,Apotek,TRAMADOL KAPSUL 50 MG,VNS,24500,14,343000
IN6231-BRG0004,IN6231,CUST55563,BRG0004,2022-02-21,2,TA,APOTEK MERDEKA,Bandung,Apotek,TRAMADOL KAPSUL 50 MG,VNS,24500,24,588000
IN6232-BRG0010,IN6232,CUST55609,BRG0010,2022-04-08,4,TD,KLINIK SAHABAT,Tangerang,Klinik,PARACETAMOL,SLCYL,21000,10,210000
IN6233-BRG0001,IN6233,CUST55450,BRG0001,2022-01-23,1,TA,APOTEK MERDEKA,Bandung,Apotek,ACYCLOVIR DUS,OGB & PH,96000,24,2304000
IN6234-BRG0003,IN6234,CUST55552,BRG0003,2022-02-10,2,EPM,APOTEK TAPAK,Aceh,Apotek,AMPICILLIN,MARCKS,17000,67,1139000
IN6235-BRG0002,IN6235,CUST55451,BRG0002,2022-01-30,1,TD,KLINIK SAHABAT,Tangerang,Klinik,ALERGINE TABLET SALUT,ETIKAL,112000,10,1120000
IN6236-BRG0005,IN6236,CUST55684,BRG0005,2022-06-08,6,TD,KLINIK SAHABAT,Tangerang,Klinik,KLORPROMAZINA TABLET SALUT SELAPUT 100 MG,SLCYL,47000,12,564000
IN6237-BRG0004,IN6237,CUST55619,BRG0004,2022-04-18,4,TD,KLINIK DR. ANDRI,Lampung,Klinik,TRAMADOL KAPSUL 50 MG,VNS,24500,10,245000
IN6238-BRG0001,IN6238,CUST55460,BRG0001,2022-01-27,1,TA,APOTEK SINAR JAYA,Bekasi,Apotek,ACYCLOVIR DUS,OGB & PH,96000,9,864000
IN6239-BRG0003,IN6239,CUST55572,BRG0003,2022-03-02,3,TA,APOTEK SINAR JAYA,Bekasi,Apotek,AMPICILLIN,MARCKS,17000,8,136000
IN6240-BRG0002,IN6240,CUST55541,BRG0002,2022-01-30,1,TD,KLINIK SAHABAT,Tangerang,Klinik,ALERGINE TABLET SALUT,ETIKAL,112000,48,5376000
IN6241-BRG0001,IN6241,CUST55440,BRG0001,2022-01-31,1,EPM,APOTEK TAPAK,Aceh,Apotek,ACYCLOVIR DUS,OGB & PH,96000,79,7584000
IN6242-BRG0005,IN6242,CUST55534,BRG0005,2022-01-23,1,TD,KLINIK SAHABAT,Tangerang,Klinik,KLORPROMAZINA TABLET SALUT SELAPUT 100 MG,SLCYL,47000,44,2068000
IN6243-BRG0006,IN6243,CUST55525,BRG0006,2022-02-01,2,TA,APOTEK MERDEKA,Bandung,Apotek,KETOCONAZOLE TABLET 200 MG,OGB & PH,39000,67,2613000
IN6244-BRG0003,IN6244,CUST55542,BRG0003,2022-01-31,1,TA,APOTEK SINAR JAYA,Bekasi,Apotek,AMPICILLIN,MARCKS,17000,21,357000
IN6245-BRG0008,IN6245,CUST55397,BRG0008,2022-01-30,1,TA,KLINIK GM,Jakarta,Klinik,TETRACYCLINE KAPSUL 250 MG,MARCKS,9800,34,333200
IN6246-BRG0004,IN6246,CUST55533,BRG0004,2022-01-28,1,TA,APOTEK MERDEKA,Bandung,Apotek,TRAMADOL KAPSUL 50 MG,VNS,24500,34,833000
IN6247-BRG0006,IN6247,CUST55425,BRG0006,2022-01-28,1,EPM,APOTEK TAPAK,Aceh,Apotek,KETOCONAZOLE TABLET 200 MG,OGB & PH,39000,10,390000
IN6248-BRG0008,IN6248,CUST55427,BRG0008,2022-01-30,1,TA,KLINIK GM,Jakarta,Klinik,TETRACYCLINE KAPSUL 250 MG,MARCKS,9800,100,980000
IN6249-BRG0004,IN6249,CUST55703,BRG0004,2022-04-30,4,TA,APOTEK MAJA,Kuningan,Apotek,TRAMADOL KAPSUL 50 MG,VNS,24500,25,612500
IN6250-BRG0002,IN6250,CUST55587,BRG0002,2022-03-17,3,TA,APOTEK SINAR JAYA,Bekasi,Apotek,ALERGINE TABLET SALUT,ETIKAL,112000,12,1344000
IN6251-BRG0005,IN6251,CUST55387,BRG0005,2022-01-23,1,EPM,APOTEK TAPAK,Aceh,Apotek,KLORPROMAZINA TABLET SALUT SELAPUT 100 MG,SLCYL,47000,5,235000
IN6251-BRG0001,IN6251,CUST55387,BRG0001,2022-01-23,1,EPM,APOTEK TAPAK,Aceh,Apotek,ACYCLOVIR DUS,OGB & PH,96000,2,192000
IN6251-BRG0008,IN6251,CUST55387,BRG0008,2022-01-23,1,EPM,APOTEK TAPAK,Aceh,Apotek,TETRACYCLINE KAPSUL 250 MG,MARCKS,9800,1,9800
IN6251-BRG0004,IN6251,CUST55387,BRG0004,2022-01-23,1,EPM,APOTEK TAPAK,Aceh,Apotek,TRAMADOL KAPSUL 50 MG,VNS,24500,5,122500
IN6251-BRG0007,IN6251,CUST55387,BRG0007,2022-01-23,1,EPM,APOTEK TAPAK,Aceh,Apotek,ERGOTAMINE COFFEINE,ETIKAL,64700,12,776400
IN6251-BRG0003,IN6251,CUST55387,BRG0003,2022-01-23,1,EPM,APOTEK TAPAK,Aceh,Apotek,AMPICILLIN,MARCKS,17000,12,204000
IN6251-BRG0009,IN6251,CUST55387,BRG0009,2022-01-23,1,EPM,APOTEK TAPAK,Aceh,Apotek,AMBROXOL HC,VNS,31000,12,372000
IN6251-BRG0008,IN6251,CUST55387,BRG0008,2022-01-23,1,EPM,APOTEK TAPAK,Aceh,Apotek,TETRACYCLINE KAPSUL 250 MG,MARCKS,9800,5,49000
IN6251-BRG0002,IN6251,CUST55387,BRG0002,2022-01-23,1,EPM,APOTEK TAPAK,Aceh,Apotek,ALERGINE TABLET SALUT,ETIKAL,112000,2,224000
IN6251-BRG0006,IN6251,CUST55387,BRG0006,2022-01-23,1,EPM,APOTEK TAPAK,Aceh,Apotek,KETOCONAZOLE TABLET 200 MG,OGB & PH,39000,5,195000
IN6252-BRG0004,IN6252,CUST55649,BRG0004,2022-05-18,5,TD,KLINIK DR. ANDRI,Lampung,Klinik,TRAMADOL KAPSUL 50 MG,VNS,24500,67,1641500
IN6253-BRG0002,IN6253,CUST55431,BRG0002,2022-01-28,1,EPM,APOTEK SAHABAT,Padang,Apotek,ALERGINE TABLET SALUT,ETIKAL,112000,34,3808000
IN6254-BRG0005,IN6254,CUST55544,BRG0005,2022-02-02,2,TD,KLINIK DR. ANDRI,Lampung,Klinik,KLORPROMAZINA TABLET SALUT SELAPUT 100 MG,SLCYL,47000,12,564000
IN6255-BRG0007,IN6255,CUST55446,BRG0007,2022-01-31,1,EPM,APOTEK SAHABAT,Padang,Apotek,ERGOTAMINE COFFEINE,ETIKAL,64700,22,1423400
IN6256-BRG0004,IN6256,CUST55463,BRG0004,2022-01-30,1,TA,APOTEK MAJA,Kuningan,Apotek,TRAMADOL KAPSUL 50 MG,VNS,24500,12,294000
IN6257-BRG0006,IN6257,CUST55615,BRG0006,2022-04-14,4,TA,APOTEK MERDEKA,Bandung,Apotek,KETOCONAZOLE TABLET 200 MG,OGB & PH,39000,5,195000
IN6258-BRG0005,IN6258,CUST55484,BRG0005,2022-01-27,1,TD,KLINIK DR. ANDRI,Lampung,Klinik,KLORPROMAZINA TABLET SALUT SELAPUT 100 MG,SLCYL,47000,1,47000
IN6259-BRG0002,IN6259,CUST55405,BRG0002,2022-02-01,2,TA,APOTEK MERDEKA,Bandung,Apotek,ALERGINE TABLET SALUT,ETIKAL,112000,25,2800000
IN6259-BRG0003,IN6259,CUST55405,BRG0003,2022-02-01,2,TA,APOTEK MERDEKA,Bandung,Apotek,AMPICILLIN,MARCKS,17000,14,238000
IN6259-BRG0006,IN6259,CUST55405,BRG0006,2022-02-01,2,TA,APOTEK MERDEKA,Bandung,Apotek,KETOCONAZOLE TABLET 200 MG,OGB & PH,39000,19,741000
IN6259-BRG0004,IN6259,CUST55405,BRG0004,2022-02-01,2,TA,APOTEK MERDEKA,Bandung,Apotek,TRAMADOL KAPSUL 50 MG,VNS,24500,18,441000
IN6259-BRG0005,IN6259,CUST55405,BRG0005,2022-02-01,2,TA,APOTEK MERDEKA,Bandung,Apotek,KLORPROMAZINA TABLET SALUT SELAPUT 100 MG,SLCYL,47000,18,846000
IN6260-BRG0005,IN6260,CUST55564,BRG0005,2022-02-22,2,TD,KLINIK SAHABAT,Tangerang,Klinik,KLORPROMAZINA TABLET SALUT SELAPUT 100 MG,SLCYL,47000,10,470000
IN6261-BRG0008,IN6261,CUST55547,BRG0008,2022-02-05,2,TA,KLINIK GM,Jakarta,Klinik,TETRACYCLINE KAPSUL 250 MG,MARCKS,9800,24,235200
IN6262-BRG0010,IN6262,CUST55419,BRG0010,2022-01-28,1,TA,KLINIK GM,Jakarta,Klinik,PARACETAMOL,SLCYL,21000,67,1407000
IN6263-BRG0003,IN6263,CUST55452,BRG0003,2022-01-31,1,TA,APOTEK SINAR JAYA,Bekasi,Apotek,AMPICILLIN,MARCKS,17000,130,2210000
IN6264-BRG0001,IN6264,CUST55690,BRG0001,2022-06-14,6,TA,APOTEK MERDEKA,Bandung,Apotek,ACYCLOVIR DUS,OGB & PH,96000,15,1440000
IN6265-BRG0009,IN6265,CUST55698,BRG0009,2022-04-30,4,TA,APOTEK MERDEKA,Bandung,Apotek,AMBROXOL HC,VNS,31000,25,775000
IN6266-BRG0002,IN6266,CUST55531,BRG0002,2022-02-01,2,TA,APOTEK MAJA,Kuningan,Apotek,ALERGINE TABLET SALUT,ETIKAL,112000,34,3808000
IN6267-BRG0010,IN6267,CUST55459,BRG0010,2022-02-01,2,TD,KLINIK SAHABAT,Tangerang,Klinik,PARACETAMOL,SLCYL,21000,8,168000
IN6268-BRG0003,IN6268,CUST55692,BRG0003,2022-06-16,6,TA,APOTEK SINAR JAYA,Bekasi,Apotek,AMPICILLIN,MARCKS,17000,25,425000
IN6269-BRG0004,IN6269,CUST55453,BRG0004,2022-02-01,2,EPM,APOTEK SAHABAT,Padang,Apotek,TRAMADOL KAPSUL 50 MG,VNS,24500,12,294000
IN6270-BRG0007,IN6270,CUST55696,BRG0007,2022-05-03,5,TA,APOTEK MAJA,Kuningan,Apotek,ERGOTAMINE COFFEINE,ETIKAL,64700,19,1229300
IN6271-BRG0005,IN6271,CUST55604,BRG0005,2022-04-03,4,TD,KLINIK DR. ANDRI,Lampung,Klinik,KLORPROMAZINA TABLET SALUT SELAPUT 100 MG,SLCYL,47000,22,1034000
IN6272-BRG0001,IN6272,CUST55650,BRG0001,2022-05-19,5,EPM,APOTEK TAPAK,Aceh,Apotek,ACYCLOVIR DUS,OGB & PH,96000,98,9408000
IN6273-BRG0005,IN6273,CUST55634,BRG0005,2022-05-03,5,TD,KLINIK DR. ANDRI,Lampung,Klinik,KLORPROMAZINA TABLET SALUT SELAPUT 100 MG,SLCYL,47000,79,3713000
IN6274-BRG0004,IN6274,CUST55423,BRG0004,2022-02-01,2,EPM,APOTEK SAHABAT,Padang,Apotek,TRAMADOL KAPSUL 50 MG,VNS,24500,8,196000
IN6275-BRG0009,IN6275,CUST55568,BRG0009,2022-02-26,2,TA,APOTEK MAJA,Kuningan,Apotek,AMBROXOL HC,VNS,31000,67,2077000
IN6276-BRG0002,IN6276,CUST55481,BRG0002,2022-01-30,1,TD,KLINIK SAHABAT,Tangerang,Klinik,ALERGINE TABLET SALUT,ETIKAL,112000,1,112000
IN6277-BRG0010,IN6277,CUST55629,BRG0010,2022-04-28,4,TA,KLINIK GM,Jakarta,Klinik,PARACETAMOL,SLCYL,21000,34,714000
IN6278-BRG0004,IN6278,CUST55499,BRG0004,2022-01-30,1,TD,KLINIK DR. ANDRI,Lampung,Klinik,TRAMADOL KAPSUL 50 MG,VNS,24500,14,343000
IN6279-BRG0004,IN6279,CUST55529,BRG0004,2022-01-30,1,TD,KLINIK DR. ANDRI,Lampung,Klinik,TRAMADOL KAPSUL 50 MG,VNS,24500,20,490000
IN6280-BRG0005,IN6280,CUST55384,BRG0005,2022-01-23,1,TD,KLINIK SAHABAT,Tangerang,Klinik,KLORPROMAZINA TABLET SALUT SELAPUT 100 MG,SLCYL,47000,1,47000
IN6280-BRG0009,IN6280,CUST55384,BRG0009,2022-01-23,1,TD,KLINIK SAHABAT,Tangerang,Klinik,AMBROXOL HC,VNS,31000,10,310000
IN6280-BRG0002,IN6280,CUST55384,BRG0002,2022-01-23,1,TD,KLINIK SAHABAT,Tangerang,Klinik,ALERGINE TABLET SALUT,ETIKAL,112000,3,336000
IN6280-BRG0007,IN6280,CUST55384,BRG0007,2022-01-23,1,TD,KLINIK SAHABAT,Tangerang,Klinik,ERGOTAMINE COFFEINE,ETIKAL,64700,10,647000
IN6280-BRG0001,IN6280,CUST55384,BRG0001,2022-01-23,1,TD,KLINIK SAHABAT,Tangerang,Klinik,ACYCLOVIR DUS,OGB & PH,96000,2,192000
IN6280-BRG0010,IN6280,CUST55384,BRG0010,2022-01-23,1,TD,KLINIK SAHABAT,Tangerang,Klinik,PARACETAMOL,SLCYL,21000,10,210000
IN6280-BRG0005,IN6280,CUST55384,BRG0005,2022-01-23,1,TD,KLINIK SAHABAT,Tangerang,Klinik,KLORPROMAZINA TABLET SALUT SELAPUT 100 MG,SLCYL,47000,5,235000
IN6280-BRG0006,IN6280,CUST55384,BRG0006,2022-01-23,1,TD,KLINIK SAHABAT,Tangerang,Klinik,KETOCONAZOLE TABLET 200 MG,OGB & PH,39000,25,975000
IN6281-BRG0006,IN6281,CUST55415,BRG0006,2022-01-30,1,TA,APOTEK SINAR JAYA,Bekasi,Apotek,KETOCONAZOLE TABLET 200 MG,OGB & PH,39000,10,390000
IN6282-BRG0004,IN6282,CUST55673,BRG0004,2022-05-28,5,TA,APOTEK MAJA,Kuningan,Apotek,TRAMADOL KAPSUL 50 MG,VNS,24500,9,220500
IN6283-BRG0005,IN6283,CUST55664,BRG0005,2022-05-19,5,TD,KLINIK DR. ANDRI,Lampung,Klinik,KLORPROMAZINA TABLET SALUT SELAPUT 100 MG,SLCYL,47000,10,470000
IN6284-BRG0001,IN6284,CUST55540,BRG0001,2022-01-23,1,TA,APOTEK MERDEKA,Bandung,Apotek,ACYCLOVIR DUS,OGB & PH,96000,76,7296000
IN6285-BRG0001,IN6285,CUST55646,BRG0001,2022-05-15,5,TD,KLINIK SAHABAT,Tangerang,Klinik,ACYCLOVIR DUS,OGB & PH,96000,130,12480000
IN6286-BRG0003,IN6286,CUST55468,BRG0003,2022-01-23,1,EPM,APOTEK SAHABAT,Padang,Apotek,AMPICILLIN,MARCKS,17000,120,2040000
IN6287-BRG0006,IN6287,CUST55391,BRG0006,2022-01-30,1,TD,KLINIK SAHABAT,Tangerang,Klinik,KETOCONAZOLE TABLET 200 MG,OGB & PH,39000,20,780000
IN6287-BRG0010,IN6287,CUST55391,BRG0010,2022-01-30,1,TD,KLINIK SAHABAT,Tangerang,Klinik,PARACETAMOL,SLCYL,21000,16,336000
IN6287-BRG0002,IN6287,CUST55391,BRG0002,2022-01-30,1,TD,KLINIK SAHABAT,Tangerang,Klinik,ALERGINE TABLET SALUT,ETIKAL,112000,17,1904000
IN6288-BRG0003,IN6288,CUST55682,BRG0003,2022-06-06,6,TA,KLINIK GM,Jakarta,Klinik,AMPICILLIN,MARCKS,17000,17,289000
IN6289-BRG0003,IN6289,CUST55492,BRG0003,2022-01-23,1,EPM,APOTEK TAPAK,Aceh,Apotek,AMPICILLIN,MARCKS,17000,25,425000
IN6290-BRG0003,IN6290,CUST55592,BRG0003,2022-03-22,3,TA,KLINIK GM,Jakarta,Klinik,AMPICILLIN,MARCKS,17000,67,1139000
IN6291-BRG0010,IN6291,CUST55489,BRG0010,2022-02-01,2,TD,KLINIK SAHABAT,Tangerang,Klinik,PARACETAMOL,SLCYL,21000,11,231000
IN6292-BRG0002,IN6292,CUST55467,BRG0002,2022-01-28,1,TA,APOTEK SINAR JAYA,Bekasi,Apotek,ALERGINE TABLET SALUT,ETIKAL,112000,10,1120000
IN6293-BRG0010,IN6293,CUST55519,BRG0010,2022-02-01,2,TD,KLINIK SAHABAT,Tangerang,Klinik,PARACETAMOL,SLCYL,21000,4,84000
IN6294-BRG0002,IN6294,CUST55711,BRG0002,2022-05-03,5,TA,APOTEK MAJA,Kuningan,Apotek,ALERGINE TABLET SALUT,ETIKAL,112000,98,10976000
IN6295-BRG0004,IN6295,CUST55653,BRG0004,2022-05-22,5,TA,APOTEK MERDEKA,Bandung,Apotek,TRAMADOL KAPSUL 50 MG,VNS,24500,8,196000
IN6296-BRG0006,IN6296,CUST55685,BRG0006,2022-06-09,6,TA,APOTEK SINAR JAYA,Bekasi,Apotek,KETOCONAZOLE TABLET 200 MG,OGB & PH,39000,12,468000
IN6297-BRG0008,IN6297,CUST55381,BRG0008,2022-01-20,1,TA,APOTEK MAJA,Kuningan,Apotek,TETRACYCLINE KAPSUL 250 MG,MARCKS,9800,30,294000
IN6297-BRG0005,IN6297,CUST55381,BRG0005,2022-01-20,1,TA,APOTEK MAJA,Kuningan,Apotek,KLORPROMAZINA TABLET SALUT SELAPUT 100 MG,SLCYL,47000,15,705000
IN6297-BRG0007,IN6297,CUST55381,BRG0007,2022-01-20,1,TA,APOTEK MAJA,Kuningan,Apotek,ERGOTAMINE COFFEINE,ETIKAL,64700,12,776400
IN6297-BRG0002,IN6297,CUST55381,BRG0002,2022-01-20,1,TA,APOTEK MAJA,Kuningan,Apotek,ALERGINE TABLET SALUT,ETIKAL,112000,5,560000
IN6298-BRG0003,IN6298,CUST55652,BRG0003,2022-05-21,5,TA,KLINIK GM,Jakarta,Klinik,AMPICILLIN,MARCKS,17000,4,68000
IN6299-BRG0005,IN6299,CUST55514,BRG0005,2022-01-27,1,TD,KLINIK DR. ANDRI,Lampung,Klinik,KLORPROMAZINA TABLET SALUT SELAPUT 100 MG,SLCYL,47000,12,564000
IN6300-BRG0008,IN6300,CUST55507,BRG0008,2022-02-01,2,EPM,APOTEK TAPAK,Aceh,Apotek,TETRACYCLINE KAPSUL 250 MG,MARCKS,9800,22,215600
IN6301-BRG0009,IN6301,CUST55393,BRG0009,2022-02-01,2,EPM,APOTEK SAHABAT,Padang,Apotek,AMBROXOL HC,VNS,31000,10,310000
IN6301-BRG0004,IN6301,CUST55393,BRG0004,2022-02-01,2,EPM,APOTEK SAHABAT,Padang,Apotek,TRAMADOL KAPSUL 50 MG,VNS,24500,12,294000
IN6301-BRG0008,IN6301,CUST55393,BRG0008,2022-02-01,2,EPM,APOTEK SAHABAT,Padang,Apotek,TETRACYCLINE KAPSUL 250 MG,MARCKS,9800,24,235200
IN6301-BRG0006,IN6301,CUST55393,BRG0006,2022-02-01,2,EPM,APOTEK SAHABAT,Padang,Apotek,KETOCONAZOLE TABLET 200 MG,OGB & PH,39000,12,468000
IN6302-BRG0006,IN6302,CUST55565,BRG0006,2022-02-23,2,TA,APOTEK SINAR JAYA,Bekasi,Apotek,KETOCONAZOLE TABLET 200 MG,OGB & PH,39000,120,4680000
IN6303-BRG0010,IN6303,CUST55539,BRG0010,2022-01-28,1,TA,KLINIK GM,Jakarta,Klinik,PARACETAMOL,SLCYL,21000,95,1995000
IN6304-BRG0009,IN6304,CUST55728,BRG0009,2022-04-30,4,TA,APOTEK MERDEKA,Bandung,Apotek,AMBROXOL HC,VNS,31000,44,1364000
IN6305-BRG0004,IN6305,CUST55493,BRG0004,2022-01-30,1,TA,APOTEK MAJA,Kuningan,Apotek,TRAMADOL KAPSUL 50 MG,VNS,24500,14,343000
IN6306-BRG0004,IN6306,CUST55430,BRG0004,2022-01-27,1,TA,APOTEK SINAR JAYA,Bekasi,Apotek,TRAMADOL KAPSUL 50 MG,VNS,24500,45,1102500
IN6306-BRG0001,IN6306,CUST55430,BRG0001,2022-01-27,1,TA,APOTEK SINAR JAYA,Bekasi,Apotek,ACYCLOVIR DUS,OGB & PH,96000,45,4320000
IN6306-BRG0005,IN6306,CUST55430,BRG0005,2022-01-27,1,TA,APOTEK SINAR JAYA,Bekasi,Apotek,KLORPROMAZINA TABLET SALUT SELAPUT 100 MG,SLCYL,47000,34,1598000
IN6307-BRG0007,IN6307,CUST55396,BRG0007,2022-01-23,1,TA,APOTEK MAJA,Kuningan,Apotek,ERGOTAMINE COFFEINE,ETIKAL,64700,22,1423400
IN6307-BRG0001,IN6307,CUST55396,BRG0001,2022-01-23,1,TA,APOTEK MAJA,Kuningan,Apotek,ACYCLOVIR DUS,OGB & PH,96000,4,384000
IN6307-BRG0005,IN6307,CUST55396,BRG0005,2022-01-23,1,TA,APOTEK MAJA,Kuningan,Apotek,KLORPROMAZINA TABLET SALUT SELAPUT 100 MG,SLCYL,47000,14,658000
IN6307-BRG0003,IN6307,CUST55396,BRG0003,2022-01-23,1,TA,APOTEK MAJA,Kuningan,Apotek,AMPICILLIN,MARCKS,17000,24,408000
IN6307-BRG0002,IN6307,CUST55396,BRG0002,2022-01-23,1,TA,APOTEK MAJA,Kuningan,Apotek,ALERGINE TABLET SALUT,ETIKAL,112000,4,448000
IN6307-BRG0007,IN6307,CUST55396,BRG0007,2022-01-23,1,TA,APOTEK MAJA,Kuningan,Apotek,ERGOTAMINE COFFEINE,ETIKAL,64700,14,905800
IN6307-BRG0004,IN6307,CUST55396,BRG0004,2022-01-23,1,TA,APOTEK MAJA,Kuningan,Apotek,TRAMADOL KAPSUL 50 MG,VNS,24500,12,294000
IN6307-BRG0006,IN6307,CUST55396,BRG0006,2022-01-23,1,TA,APOTEK MAJA,Kuningan,Apotek,KETOCONAZOLE TABLET 200 MG,OGB & PH,39000,15,585000
IN6308-BRG0001,IN6308,CUST55397,BRG0001,2022-01-23,1,TA,KLINIK GM,Jakarta,Klinik,ACYCLOVIR DUS,OGB & PH,96000,8,768000
IN6308-BRG0006,IN6308,CUST55397,BRG0006,2022-01-23,1,TA,KLINIK GM,Jakarta,Klinik,KETOCONAZOLE TABLET 200 MG,OGB & PH,39000,10,390000
IN6308-BRG0007,IN6308,CUST55516,BRG0007,2022-01-23,1,TA,APOTEK MAJA,Kuningan,Apotek,ERGOTAMINE COFFEINE,ETIKAL,64700,67,4334900
IN6309-BRG0008,IN6309,CUST55627,BRG0008,2022-04-26,4,EPM,APOTEK TAPAK,Aceh,Apotek,TETRACYCLINE KAPSUL 250 MG,MARCKS,9800,45,441000
IN6310-BRG0004,IN6310,CUST55693,BRG0004,2022-04-30,4,EPM,APOTEK SAHABAT,Padang,Apotek,TRAMADOL KAPSUL 50 MG,VNS,24500,14,343000
IN6311-BRG0007,IN6311,CUST55426,BRG0007,2022-01-23,1,TA,APOTEK MAJA,Kuningan,Apotek,ERGOTAMINE COFFEINE,ETIKAL,64700,7,452900
IN6312-BRG0006,IN6312,CUST55725,BRG0006,2022-05-02,5,EPM,APOTEK TAPAK,Aceh,Apotek,KETOCONAZOLE TABLET 200 MG,OGB & PH,39000,34,1326000
IN6313-BRG0001,IN6313,CUST55660,BRG0001,2022-04-20,4,TA,APOTEK MERDEKA,Bandung,Apotek,ACYCLOVIR DUS,OGB & PH,96000,24,2304000
IN6314-BRG0002,IN6314,CUST55527,BRG0002,2022-01-28,1,TA,APOTEK SINAR JAYA,Bekasi,Apotek,ALERGINE TABLET SALUT,ETIKAL,112000,45,5040000
IN6315-BRG0004,IN6315,CUST55643,BRG0004,2022-04-21,4,TA,APOTEK MAJA,Kuningan,Apotek,TRAMADOL KAPSUL 50 MG,VNS,24500,14,343000
IN6316-BRG0003,IN6316,CUST55662,BRG0003,2022-04-19,4,TA,APOTEK SINAR JAYA,Bekasi,Apotek,AMPICILLIN,MARCKS,17000,120,2040000
IN6317-BRG0003,IN6317,CUST55522,BRG0003,2022-01-23,1,EPM,APOTEK TAPAK,Aceh,Apotek,AMPICILLIN,MARCKS,17000,10,170000
IN6318-BRG0003,IN6318,CUST55462,BRG0003,2022-01-23,1,EPM,APOTEK TAPAK,Aceh,Apotek,AMPICILLIN,MARCKS,17000,22,374000
IN6319-BRG0004,IN6319,CUST55553,BRG0004,2022-02-11,2,TA,APOTEK MAJA,Kuningan,Apotek,TRAMADOL KAPSUL 50 MG,VNS,24500,98,2401000
IN6320-BRG0006,IN6320,CUST55495,BRG0006,2022-02-01,2,TA,APOTEK MERDEKA,Bandung,Apotek,KETOCONAZOLE TABLET 200 MG,OGB & PH,39000,67,2613000
IN6321-BRG0001,IN6321,CUST55410,BRG0001,2022-01-31,1,EPM,APOTEK TAPAK,Aceh,Apotek,ACYCLOVIR DUS,OGB & PH,96000,22,2112000
IN6322-BRG0009,IN6322,CUST55488,BRG0009,2022-01-31,1,TA,APOTEK MERDEKA,Bandung,Apotek,AMBROXOL HC,VNS,31000,17,527000
IN6323-BRG0004,IN6323,CUST55439,BRG0004,2022-01-30,1,TD,KLINIK DR. ANDRI,Lampung,Klinik,TRAMADOL KAPSUL 50 MG,VNS,24500,6,147000
IN6324-BRG0007,IN6324,CUST55686,BRG0007,2022-06-10,6,EPM,APOTEK SAHABAT,Padang,Apotek,ERGOTAMINE COFFEINE,ETIKAL,64700,25,1617500
IN6325-BRG0002,IN6325,CUST55521,BRG0002,2022-01-28,1,EPM,APOTEK SAHABAT,Padang,Apotek,ALERGINE TABLET SALUT,ETIKAL,112000,9,1008000
IN6326-BRG0009,IN6326,CUST55458,BRG0009,2022-01-31,1,TA,APOTEK MERDEKA,Bandung,Apotek,AMBROXOL HC,VNS,31000,4,124000
IN6327-BRG0009,IN6327,CUST55448,BRG0009,2022-01-27,1,TA,APOTEK MAJA,Kuningan,Apotek,AMBROXOL HC,VNS,31000,25,775000
